pc4_code,no2_020,no2_019,no2_018,no2_017,no2_016,no2_015,no2_014,no2_013,no2_012,no2_011,no2_010,no2_009
3273,,,,,,,,,,,,
3311,,,,,,,,,,,,
3319,,,,,,,,,,,,
3481,,,,,,,,,,,,
3571,47.96892,49.55846,50.26583,47.26767,43.09903,40.8502,39.77293,40.34695,42.94993,45.68606,48.30563,49.14515
3749,,,,,,,,,,,,
3763,,,,,,,,,,,,
3819,,,,,,,,,,,,
3844,,,,,,,,,,,,
4017,,,,,,,,,,,,
4106,,,,,,,,,,,,
4174,,,,,,,,,,,,
4181,,,,,,,,,,,,
4416,,,,,,,,,,,,
4423,,,,,,,,,,,,
4471,,,,,,,,,,,,
4491,,,,,,,,,,,,
4521,,,,,,,,,,,,
4693,,,,,,,,,,,,
4701,,,,,,,,,,,,
4766,,,,,,,,,,,,
4826,,,,,,,,,,,,
4836,,,,,,,,,,,,
5012,,,,,,,,,,,,
5172,,,,,,,,,,,,
5237,,,,,,,,,,,,
5249,,,,,,,,,,,,
5255,,,,,,,,,,,,
5268,,,,,,,,,,,,
5294,,,,,,,,,,,,
5315,,,,,,,,,,,,
5345,,,,,,,,,,,,
5361,,,,,,,,,,,,
5491,,,,,,,,,,,,
5628,,,,,,,,,,,,
5643,,,,,,,,,,,,
5735,,,,,,,,,,,,
5757,,,,,,,,,,,,
5763,,,,,,,,,,,,
5827,,,,,,,,,,,,
5871,,,,,,,,,,,,
5931,,,,,,,,,,,,
5993,,,,,,,,,,,,
6006,,,,,,,,,,,,
6012,,,,,,,,,,,,
6024,,,,,,,,,,,,
6044,,,,,,,,,,,,
6251,,,,,,,,,,,,
6311,,,,,,,,,,,,
6369,,,,,,,,,,,,
6411,,,,,,,,,,,,
6439,,,,,,,,,,,,
6444,,,,,,,,,,,,
6446,,,,,,,,,,,,
6574,,,,,,,,,,,,
7035,,,,,,,,,,,,
7076,,,,,,,,,,,,
7102,,,,,,,,,,,,
7157,,,,,,,,,,,,
7224,,,,,,,,,,,,
7314,,,,,,,,,,,,
7399,,,,,,,,,,,,
7413,,,,,,,,,,,,
7443,,,,,,,,,,,,
7543,,,,,,,,,,,,
7642,,,,,,,,,,,,
7766,,,,,,,,,,,,
7775,,,,,,,,,,,,
7814,,,,,,,,,,,,
7861,,,,,,,,,,,,
7914,,,,,,,,,,,,
7921,,,,,,,,,,,,
7928,,,,,,,,,,,,
7933,,,,,,,,,,,,
7964,,,,,,,,,,,,
8071,,,,,,,,,,,,
8221,,,,,,,,,,,,
8223,,,,,,,,,,,,
8271,,,,,,,,,,,,
8321,,,,,,,,,,,,
8347,,,,,,,,,,,,
8371,,,,,,,,,,,,
8395,,,,,,,,,,,,
8431,,,,,,,,,,,,
8515,,,,,,,,,,,,
8611,,,,,,,,,,,,
8631,,,,,,,,,,,,
8635,,,,,,,,,,,,
8658,,,,,,,,,,,,
8749,,,,,,,,,,,,
8755,,,,,,,,,,,,
8851,,,,,,,,,,,,
9005,,,,,,,,,,,,
9212,,,,,,,,,,,,
9244,,,,,,,,,,,,
9246,,,,,,,,,,,,
9333,,,,,,,,,,,,
9433,,,,,,,,,,,,
9443,,,,,,,,,,,,
9483,,,,,,,,,,,,
9502,,,,,,,,,,,,
9655,,,,,,,,,,,,
9735,,,,,,,,,,,,
9756,,,,,,,,,,,,
9771,,,,,,,,,,,,
9791,,,,,,,,,,,,
9822,,,,,,,,,,,,
9844,,,,,,,,,,,,
9865,,,,,,,,,,,,
9931,,,,,,,,,,,,
9971,,,,,,,,,,,,
2524,,,,,,,,,,,,
2662,,,,,,,,,,,,
1052,,,,,,,,,,,,
1108,,,,,,,,,,,,
1121,,,,,,,,,,,,
1216,,,,,,,,,,,,
1217,,,,,,,,,,,,
1335,,,,,,,,,,,,
1401,,,,,,,,,,,,
1428,,,,,,,,,,,,
1602,,,,,,,,,,,,
1634,,,,,,,,,,,,
1703,,,,,,,,,,,,
1751,,,,,,,,,,,,
1782,,,,,,,,,,,,
1787,,,,,,,,,,,,
1821,,,,,,,,,,,,
1941,,,,,,,,,,,,
1963,,,,,,,,,,,,
2223,,,,,,,,,,,,
2251,,,,,,,,,,,,
2267,,,,,,,,,,,,
2331,,,,,,,,,,,,
2514,,,,,,,,,,,,
2517,,,,,,,,,,,,
2721,,,,,,,,,,,,
2741,,,,,,,,,,,,
2802,,,,,,,,,,,,
2872,,,,,,,,,,,,
2953,,,,,,,,,,,,
2988,,,,,,,,,,,,
3022,,,,,,,,,,,,
3122,,,,,,,,,,,,
3208,,,,,,,,,,,,
3209,,,,,,,,,,,,
1018,,,,,,,,,,,,
1024,,,,,,,,,,,,
1118,,,,,,,,,,,,
1214,,,,,,,,,,,,
1223,,,,,,,,,,,,
1334,,,,,,,,,,,,
1363,,,,,,,,,,,,
1405,,,,,,,,,,,,
1427,,,,,,,,,,,,
1486,,,,,,,,,,,,
1628,,,,,,,,,,,,
1689,,,,,,,,,,,,
1778,,,,,,,,,,,,
1873,,,,,,,,,,,,
1931,,,,,,,,,,,,
2114,,,,,,,,,,,,
2156,,,,,,,,,,,,
2163,,,,,,,,,,,,
2171,,,,,,,,,,,,
2204,,,,,,,,,,,,
2231,,,,,,,,,,,,
2315,,,,,,,,,,,,
2402,,,,,,,,,,,,
2403,,,,,,,,,,,,
2421,,,,,,,,,,,,
2491,,,,,,,,,,,,
2561,,,,,,,,,,,,
2574,,,,,,,,,,,,
2581,,,,,,,,,,,,
2673,,,,,,,,,,,,
2685,,,,,,,,,,,,
2855,,,,,,,,,,,,
2957,,,,,,,,,,,,
3032,,,,,,,,,,,,
3142,,,,,,,,,,,,
3198,,,,,,,,,,,,
3203,,,,,,,,,,,,
3253,,,,,,,,,,,,
3318,,,,,,,,,,,,
3342,,,,,,,,,,,,
3433,,,,,,,,,,,,
3444,,,,,,,,,,,,
3466,,,,,,,,,,,,
3512,52.13894,53.98396,54.74071,51.50489,47.03941,44.6194,43.38677,44.01332,46.98488,50.15982,53.14394,54.09817
3544,47.55999,49.03464,49.81132,46.31153,42.10143,39.91909,38.91722,39.85641,42.52912,45.17454,47.68518,48.88727
3552,50.29305,51.9911,52.75399,49.60932,45.24089,42.88555,41.73958,42.33854,45.16412,48.12015,50.92689,51.86072
3721,39.20311,40.34821,40.87525,38.25142,34.80754,32.97546,32.18014,32.78375,34.58521,36.47229,38.359,38.97274
3755,,,,,,,,,,,,
3811,,,,,,,,,,,,
3816,,,,,,,,,,,,
3906,,,,,,,,,,,,
4014,,,,,,,,,,,,
4103,,,,,,,,,,,,
4197,,,,,,,,,,,,
4202,,,,,,,,,,,,
4335,,,,,,,,,,,,
4431,,,,,,,,,,,,
4486,,,,,,,,,,,,
4614,,,,,,,,,,,,
4702,,,,,,,,,,,,
4708,,,,,,,,,,,,
4758,,,,,,,,,,,,
5061,,,,,,,,,,,,
5076,,,,,,,,,,,,
5105,,,,,,,,,,,,
5125,,,,,,,,,,,,
5141,,,,,,,,,,,,
5222,,,,,,,,,,,,
5231,,,,,,,,,,,,
5241,,,,,,,,,,,,
5251,,,,,,,,,,,,
5324,,,,,,,,,,,,
5344,,,,,,,,,,,,
5403,,,,,,,,,,,,
5464,,,,,,,,,,,,
5481,,,,,,,,,,,,
5501,,,,,,,,,,,,
5508,,,,,,,,,,,,
5581,,,,,,,,,,,,
5706,,,,,,,,,,,,
5756,,,,,,,,,,,,
5872,,,,,,,,,,,,
5915,,,,,,,,,,,,
6014,,,,,,,,,,,,
6021,,,,,,,,,,,,
6096,,,,,,,,,,,,
6155,,,,,,,,,,,,
6165,,,,,,,,,,,,
6373,,,,,,,,,,,,
6464,,,,,,,,,,,,
6825,,,,,,,,,,,,
6922,,,,,,,,,,,,
6982,,,,,,,,,,,,
7037,,,,,,,,,,,,
7041,,,,,,,,,,,,
7223,,,,,,,,,,,,
7425,,,,,,,,,,,,
7461,,,,,,,,,,,,
7482,,,,,,,,,,,,
7611,,,,,,,,,,,,
7635,,,,,,,,,,,,
7731,,,,,,,,,,,,
7741,,,,,,,,,,,,
7761,,,,,,,,,,,,
7776,,,,,,,,,,,,
7846,,,,,,,,,,,,
7872,,,,,,,,,,,,
8028,,,,,,,,,,,,
8251,,,,,,,,,,,,
8253,,,,,,,,,,,,
8262,,,,,,,,,,,,
8346,,,,,,,,,,,,
8398,,,,,,,,,,,,
8404,,,,,,,,,,,,
8421,,,,,,,,,,,,
8437,,,,,,,,,,,,
8511,,,,,,,,,,,,
8606,,,,,,,,,,,,
8754,,,,,,,,,,,,
8814,,,,,,,,,,,,
9076,,,,,,,,,,,,
9206,,,,,,,,,,,,
9263,,,,,,,,,,,,
9264,,,,,,,,,,,,
9307,,,,,,,,,,,,
9405,,,,,,,,,,,,
9406,,,,,,,,,,,,
9413,,,,,,,,,,,,
9419,,,,,,,,,,,,
9466,,,,,,,,,,,,
9497,,,,,,,,,,,,
9614,,,,,,,,,,,,
9623,,,,,,,,,,,,
9672,,,,,,,,,,,,
9821,,,,,,,,,,,,
9824,,,,,,,,,,,,
9957,,,,,,,,,,,,
9959,,,,,,,,,,,,
3222,,,,,,,,,,,,
8191,,,,,,,,,,,,
1026,,,,,,,,,,,,
1081,,,,,,,,,,,,
1109,,,,,,,,,,,,
1113,,,,,,,,,,,,
1154,,,,,,,,,,,,
1186,,,,,,,,,,,,
1191,,,,,,,,,,,,
1338,,,,,,,,,,,,
1391,,,,,,,,,,,,
1442,,,,,,,,,,,,
1507,,,,,,,,,,,,
1511,,,,,,,,,,,,
1661,,,,,,,,,,,,
1813,,,,,,,,,,,,
1844,,,,,,,,,,,,
1943,,,,,,,,,,,,
2024,,,,,,,,,,,,
2065,,,,,,,,,,,,
2135,,,,,,,,,,,,
2153,,,,,,,,,,,,
2406,,,,,,,,,,,,
2408,,,,,,,,,,,,
2596,,,,,,,,,,,,
2616,,,,,,,,,,,,
2636,,,,,,,,,,,,
2715,,,,,,,,,,,,
2808,,,,,,,,,,,,
2821,,,,,,,,,,,,
2989,,,,,,,,,,,,
2992,,,,,,,,,,,,
3039,,,,,,,,,,,,
3082,,,,,,,,,,,,
3134,,,,,,,,,,,,
3151,,,,,,,,,,,,
3199,,,,,,,,,,,,
3202,,,,,,,,,,,,
3204,,,,,,,,,,,,
3206,,,,,,,,,,,,
3221,,,,,,,,,,,,
3232,,,,,,,,,,,,
3251,,,,,,,,,,,,
3316,,,,,,,,,,,,
3364,,,,,,,,,,,,
3545,40.96045,41.90922,42.70801,38.44292,34.62522,32.85104,32.18768,33.88237,36.16836,38.07048,39.87799,41.66364
3572,48.53206,50.12091,50.86399,47.60992,43.37432,41.1248,40.05059,40.79101,43.48748,46.26486,48.90386,49.91623
3602,35.79874,36.63208,37.20394,33.95721,30.6836,29.0831,28.4893,29.6429,31.29153,32.7734,34.26496,35.34311
3771,,,,,,,,,,,,
3842,,,,,,,,,,,,
4101,,,,,,,,,,,,
4119,,,,,,,,,,,,
4122,,,,,,,,,,,,
4128,,,,,,,,,,,,
4182,,,,,,,,,,,,
4191,,,,,,,,,,,,
4254,,,,,,,,,,,,
4303,,,,,,,,,,,,
4308,,,,,,,,,,,,
4356,,,,,,,,,,,,
4474,,,,,,,,,,,,
4493,,,,,,,,,,,,
4501,,,,,,,,,,,,
4539,,,,,,,,,,,,
4543,,,,,,,,,,,,
4571,,,,,,,,,,,,
4655,,,,,,,,,,,,
4691,,,,,,,,,,,,
4696,,,,,,,,,,,,
4724,,,,,,,,,,,,
4744,,,,,,,,,,,,
4903,,,,,,,,,,,,
4941,,,,,,,,,,,,
5032,,,,,,,,,,,,
5052,,,,,,,,,,,,
5063,,,,,,,,,,,,
5089,,,,,,,,,,,,
5113,,,,,,,,,,,,
5143,,,,,,,,,,,,
5296,,,,,,,,,,,,
5313,,,,,,,,,,,,
5327,,,,,,,,,,,,
5331,,,,,,,,,,,,
5455,,,,,,,,,,,,
5524,,,,,,,,,,,,
5631,,,,,,,,,,,,
5708,,,,,,,,,,,,
5741,,,,,,,,,,,,
5815,,,,,,,,,,,,
6001,,,,,,,,,,,,
6051,,,,,,,,,,,,
6088,,,,,,,,,,,,
6097,,,,,,,,,,,,
6333,,,,,,,,,,,,
6445,,,,,,,,,,,,
6524,,,,,,,,,,,,
6641,,,,,,,,,,,,
6642,,,,,,,,,,,,
6663,,,,,,,,,,,,
6971,,,,,,,,,,,,
7051,,,,,,,,,,,,
7241,,,,,,,,,,,,
7271,,,,,,,,,,,,
7317,,,,,,,,,,,,
7336,,,,,,,,,,,,
7576,,,,,,,,,,,,
7577,,,,,,,,,,,,
7585,,,,,,,,,,,,
7662,,,,,,,,,,,,
7902,,,,,,,,,,,,
7906,,,,,,,,,,,,
7946,,,,,,,,,,,,
7961,,,,,,,,,,,,
7986,,,,,,,,,,,,
8016,,,,,,,,,,,,
8026,,,,,,,,,,,,
8066,,,,,,,,,,,,
8096,,,,,,,,,,,,
8105,,,,,,,,,,,,
8222,,,,,,,,,,,,
8334,,,,,,,,,,,,
8343,,,,,,,,,,,,
8385,,,,,,,,,,,,
8406,,,,,,,,,,,,
8443,,,,,,,,,,,,
8446,,,,,,,,,,,,
8462,,,,,,,,,,,,
8466,,,,,,,,,,,,
8615,,,,,,,,,,,,
8621,,,,,,,,,,,,
8625,,,,,,,,,,,,
8628,,,,,,,,,,,,
8737,,,,,,,,,,,,
8742,,,,,,,,,,,,
8832,,,,,,,,,,,,
8842,,,,,,,,,,,,
8881,,,,,,,,,,,,
9011,,,,,,,,,,,,
9035,,,,,,,,,,,,
9075,,,,,,,,,,,,
9083,,,,,,,,,,,,
9106,,,,,,,,,,,,
9124,,,,,,,,,,,,
9221,,,,,,,,,,,,
9249,,,,,,,,,,,,
9485,,,,,,,,,,,,
9488,,,,,,,,,,,,
9527,,,,,,,,,,,,
9551,,,,,,,,,,,,
9699,,,,,,,,,,,,
9773,,,,,,,,,,,,
9792,,,,,,,,,,,,
9827,,,,,,,,,,,,
9861,,,,,,,,,,,,
9883,,,,,,,,,,,,
9973,,,,,,,,,,,,
9987,,,,,,,,,,,,
4901,,,,,,,,,,,,
8442,,,,,,,,,,,,
1022,,,,,,,,,,,,
1057,,,,,,,,,,,,
1064,,,,,,,,,,,,
1271,,,,,,,,,,,,
1318,,,,,,,,,,,,
1396,,,,,,,,,,,,
1461,,,,,,,,,,,,
1475,,,,,,,,,,,,
1482,,,,,,,,,,,,
1541,,,,,,,,,,,,
1627,,,,,,,,,,,,
1705,,,,,,,,,,,,
1759,,,,,,,,,,,,
1851,,,,,,,,,,,,
1945,,,,,,,,,,,,
1969,,,,,,,,,,,,
2143,,,,,,,,,,,,
2203,,,,,,,,,,,,
2324,,,,,,,,,,,,
2381,,,,,,,,,,,,
2445,,,,,,,,,,,,
2692,,,,,,,,,,,,
2694,,,,,,,,,,,,
2902,,,,,,,,,,,,
2941,,,,,,,,,,,,
3025,,,,,,,,,,,,
3062,,,,,,,,,,,,
3067,,,,,,,,,,,,
3081,,,,,,,,,,,,
3191,,,,,,,,,,,,
3249,,,,,,,,,,,,
3261,,,,,,,,,,,,
3291,,,,,,,,,,,,
3336,,,,,,,,,,,,
3356,,,,,,,,,,,,
3513,55.40903,58.99256,61.01799,58.7386,54.80941,52.097,50.07887,50.65314,53.21184,56.41826,60.09534,62.26544
3522,49.99302,51.57943,52.41573,48.73808,44.31794,42.02736,40.95516,41.9388,44.84842,47.72356,50.42778,51.74453
3632,,,,,,,,,,,,
3899,,,,,,,,,,,,
3903,,,,,,,,,,,,
3905,,,,,,,,,,,,
3953,,,,,,,,,,,,
3958,,,,,,,,,,,,
3959,,,,,,,,,,,,
4003,,,,,,,,,,,,
4013,,,,,,,,,,,,
4161,,,,,,,,,,,,
4171,,,,,,,,,,,,
4184,,,,,,,,,,,,
4301,,,,,,,,,,,,
4364,,,,,,,,,,,,
4462,,,,,,,,,,,,
4464,,,,,,,,,,,,
4511,,,,,,,,,,,,
4634,,,,,,,,,,,,
4794,,,,,,,,,,,,
4823,,,,,,,,,,,,
4875,,,,,,,,,,,,
4902,,,,,,,,,,,,
5087,,,,,,,,,,,,
5124,,,,,,,,,,,,
5281,,,,,,,,,,,,
5292,,,,,,,,,,,,
5394,,,,,,,,,,,,
5396,,,,,,,,,,,,
5409,,,,,,,,,,,,
5423,,,,,,,,,,,,
5525,,,,,,,,,,,,
5554,,,,,,,,,,,,
5561,,,,,,,,,,,,
5835,,,,,,,,,,,,
5854,,,,,,,,,,,,
5861,,,,,,,,,,,,
5951,,,,,,,,,,,,
6015,,,,,,,,,,,,
6105,,,,,,,,,,,,
6111,,,,,,,,,,,,
6118,,,,,,,,,,,,
6122,,,,,,,,,,,,
6137,,,,,,,,,,,,
6143,,,,,,,,,,,,
6176,,,,,,,,,,,,
6245,,,,,,,,,,,,
6365,,,,,,,,,,,,
6454,,,,,,,,,,,,
6456,,,,,,,,,,,,
6512,,,,,,,,,,,,
6601,,,,,,,,,,,,
6686,,,,,,,,,,,,
6691,,,,,,,,,,,,
6705,,,,,,,,,,,,
6745,,,,,,,,,,,,
6941,,,,,,,,,,,,
6956,,,,,,,,,,,,
6983,,,,,,,,,,,,
6998,,,,,,,,,,,,
7075,,,,,,,,,,,,
7165,,,,,,,,,,,,
7251,,,,,,,,,,,,
7273,,,,,,,,,,,,
7274,,,,,,,,,,,,
7351,,,,,,,,,,,,
7561,,,,,,,,,,,,
7603,,,,,,,,,,,,
7610,,,,,,,,,,,,
7631,,,,,,,,,,,,
7638,,,,,,,,,,,,
7664,,,,,,,,,,,,
7675,,,,,,,,,,,,
7721,,,,,,,,,,,,
7811,,,,,,,,,,,,
7823,,,,,,,,,,,,
7905,,,,,,,,,,,,
7951,,,,,,,,,,,,
7957,,,,,,,,,,,,
7983,,,,,,,,,,,,
8017,,,,,,,,,,,,
8095,,,,,,,,,,,,
8144,,,,,,,,,,,,
8264,,,,,,,,,,,,
8311,,,,,,,,,,,,
8341,,,,,,,,,,,,
8376,,,,,,,,,,,,
8408,,,,,,,,,,,,
8467,,,,,,,,,,,,
8505,,,,,,,,,,,,
8553,,,,,,,,,,,,
8604,,,,,,,,,,,,
8633,,,,,,,,,,,,
8711,,,,,,,,,,,,
8744,,,,,,,,,,,,
8775,,,,,,,,,,,,
8805,,,,,,,,,,,,
8913,,,,,,,,,,,,
8926,,,,,,,,,,,,
9023,,,,,,,,,,,,
9041,,,,,,,,,,,,
9132,,,,,,,,,,,,
9166,,,,,,,,,,,,
9171,,,,,,,,,,,,
9255,,,,,,,,,,,,
9408,,,,,,,,,,,,
9412,,,,,,,,,,,,
9432,,,,,,,,,,,,
9462,,,,,,,,,,,,
9533,,,,,,,,,,,,
9561,,,,,,,,,,,,
9603,,,,,,,,,,,,
9621,,,,,,,,,,,,
9645,,,,,,,,,,,,
9657,,,,,,,,,,,,
9728,,,,,,,,,,,,
9732,,,,,,,,,,,,
9891,,,,,,,,,,,,
9915,,,,,,,,,,,,
9939,,,,,,,,,,,,
9953,,,,,,,,,,,,
9955,,,,,,,,,,,,
9983,,,,,,,,,,,,
3381,,,,,,,,,,,,
3415,,,,,,,,,,,,
3527,50.63315,52.19739,53.09194,49.03038,44.51599,42.23127,41.17603,42.41195,45.4491,48.35862,51.0695,52.65252
3703,,,,,,,,,,,,
3723,,,,,,,,,,,,
3829,,,,,,,,,,,,
3853,,,,,,,,,,,,
3888,,,,,,,,,,,,
3895,,,,,,,,,,,,
3896,,,,,,,,,,,,
3897,,,,,,,,,,,,
3945,,,,,,,,,,,,
4133,,,,,,,,,,,,
4273,,,,,,,,,,,,
4337,,,,,,,,,,,,
4338,,,,,,,,,,,,
4451,,,,,,,,,,,,
4456,,,,,,,,,,,,
4507,,,,,,,,,,,,
4515,,,,,,,,,,,,
4611,,,,,,,,,,,,
4661,,,,,,,,,,,,
4741,,,,,,,,,,,,
4756,,,,,,,,,,,,
4878,,,,,,,,,,,,
5021,,,,,,,,,,,,
5084,,,,,,,,,,,,
5091,,,,,,,,,,,,
5133,,,,,,,,,,,,
5144,,,,,,,,,,,,
5145,,,,,,,,,,,,
5236,,,,,,,,,,,,
5256,,,,,,,,,,,,
5346,,,,,,,,,,,,
5363,,,,,,,,,,,,
5371,,,,,,,,,,,,
5382,,,,,,,,,,,,
5391,,,,,,,,,,,,
5411,,,,,,,,,,,,
5435,,,,,,,,,,,,
5446,,,,,,,,,,,,
5449,,,,,,,,,,,,
5454,,,,,,,,,,,,
5502,,,,,,,,,,,,
5521,,,,,,,,,,,,
5553,,,,,,,,,,,,
5627,,,,,,,,,,,,
5641,,,,,,,,,,,,
5644,,,,,,,,,,,,
5694,,,,,,,,,,,,
5724,,,,,,,,,,,,
5803,,,,,,,,,,,,
5856,,,,,,,,,,,,
5922,,,,,,,,,,,,
5925,,,,,,,,,,,,
5927,,,,,,,,,,,,
6086,,,,,,,,,,,,
6104,,,,,,,,,,,,
6217,,,,,,,,,,,,
6418,,,,,,,,,,,,
6532,,,,,,,,,,,,
6533,,,,,,,,,,,,
6535,,,,,,,,,,,,
6596,,,,,,,,,,,,
6668,,,,,,,,,,,,
6713,,,,,,,,,,,,
6822,,,,,,,,,,,,
6832,,,,,,,,,,,,
6871,,,,,,,,,,,,
6996,,,,,,,,,,,,
7065,,,,,,,,,,,,
7141,,,,,,,,,,,,
7325,,,,,,,,,,,,
7333,,,,,,,,,,,,
7381,,,,,,,,,,,,
7383,,,,,,,,,,,,
7607,,,,,,,,,,,,
7671,,,,,,,,,,,,
7687,,,,,,,,,,,,
7735,,,,,,,,,,,,
7843,,,,,,,,,,,,
7851,,,,,,,,,,,,
7941,,,,,,,,,,,,
8153,,,,,,,,,,,,
8267,,,,,,,,,,,,
8305,,,,,,,,,,,,
8387,,,,,,,,,,,,
8414,,,,,,,,,,,,
8449,,,,,,,,,,,,
8458,,,,,,,,,,,,
8513,,,,,,,,,,,,
8527,,,,,,,,,,,,
8535,,,,,,,,,,,,
8607,,,,,,,,,,,,
8623,,,,,,,,,,,,
8644,,,,,,,,,,,,
8647,,,,,,,,,,,,
8845,,,,,,,,,,,,
8856,,,,,,,,,,,,
8857,,,,,,,,,,,,
8871,,,,,,,,,,,,
9036,,,,,,,,,,,,
9079,,,,,,,,,,,,
9084,,,,,,,,,,,,
9121,,,,,,,,,,,,
9122,,,,,,,,,,,,
9141,,,,,,,,,,,,
9203,,,,,,,,,,,,
9314,,,,,,,,,,,,
9459,,,,,,,,,,,,
9473,,,,,,,,,,,,
9531,,,,,,,,,,,,
9534,,,,,,,,,,,,
9753,,,,,,,,,,,,
9797,,,,,,,,,,,,
9885,,,,,,,,,,,,
9945,,,,,,,,,,,,
1695,,,,,,,,,,,,
3768,,,,,,,,,,,,
1058,,,,,,,,,,,,
1098,,,,,,,,,,,,
1102,,,,,,,,,,,,
1156,,,,,,,,,,,,
1175,,,,,,,,,,,,
1243,,,,,,,,,,,,
1272,,,,,,,,,,,,
1316,,,,,,,,,,,,
1424,,,,,,,,,,,,
1477,,,,,,,,,,,,
1504,,,,,,,,,,,,
1505,,,,,,,,,,,,
1608,,,,,,,,,,,,
1611,,,,,,,,,,,,
1617,,,,,,,,,,,,
1676,,,,,,,,,,,,
1775,,,,,,,,,,,,
1992,,,,,,,,,,,,
2031,,,,,,,,,,,,
2104,,,,,,,,,,,,
2201,,,,,,,,,,,,
2212,,,,,,,,,,,,
2232,,,,,,,,,,,,
2312,,,,,,,,,,,,
2342,,,,,,,,,,,,
2355,,,,,,,,,,,,
2412,,,,,,,,,,,,
2461,,,,,,,,,,,,
2471,,,,,,,,,,,,
2523,,,,,,,,,,,,
2761,,,,,,,,,,,,
2908,,,,,,,,,,,,
3024,,,,,,,,,,,,
3061,,,,,,,,,,,,
3074,,,,,,,,,,,,
3086,,,,,,,,,,,,
3216,,,,,,,,,,,,
3247,,,,,,,,,,,,
3271,,,,,,,,,,,,
3411,,,,,,,,,,,,
3461,,,,,,,,,,,,
3471,,,,,,,,,,,,
3524,46.74088,48.10313,48.92145,45.07026,40.87103,38.76235,37.83356,39.04594,41.72385,44.25131,46.63749,48.09672
3534,48.43829,49.84752,50.73302,46.60375,42.23252,40.06107,39.10326,40.45319,43.32955,45.99985,48.49754,50.14943
3542,43.91764,45.14026,45.89755,41.85252,37.90354,35.98152,35.14991,36.61957,39.07663,41.34468,43.47657,45.04988
3634,,,,,,,,,,,,
3762,,,,,,,,,,,,
3823,,,,,,,,,,,,
3886,,,,,,,,,,,,
3941,,,,,,,,,,,,
3991,,,,,,,,,,,,
4117,,,,,,,,,,,,
4205,,,,,,,,,,,,
4225,,,,,,,,,,,,
4247,,,,,,,,,,,,
4255,,,,,,,,,,,,
4463,,,,,,,,,,,,
4481,,,,,,,,,,,,
4508,,,,,,,,,,,,
4617,,,,,,,,,,,,
4858,,,,,,,,,,,,
4907,,,,,,,,,,,,
5018,,,,,,,,,,,,
5038,,,,,,,,,,,,
5215,,,,,,,,,,,,
5234,,,,,,,,,,,,
5305,,,,,,,,,,,,
5311,,,,,,,,,,,,
5366,,,,,,,,,,,,
5392,,,,,,,,,,,,
5397,,,,,,,,,,,,
5439,,,,,,,,,,,,
5447,,,,,,,,,,,,
5453,,,,,,,,,,,,
5492,,,,,,,,,,,,
5563,,,,,,,,,,,,
5622,,,,,,,,,,,,
5654,,,,,,,,,,,,
5658,,,,,,,,,,,,
5661,,,,,,,,,,,,
5715,,,,,,,,,,,,
5809,,,,,,,,,,,,
5824,,,,,,,,,,,,
5853,,,,,,,,,,,,
5865,,,,,,,,,,,,
6023,,,,,,,,,,,,
6171,,,,,,,,,,,,
6213,,,,,,,,,,,,
6221,,,,,,,,,,,,
6235,,,,,,,,,,,,
6269,,,,,,,,,,,,
6321,,,,,,,,,,,,
6372,,,,,,,,,,,,
6414,,,,,,,,,,,,
6466,,,,,,,,,,,,
6603,,,,,,,,,,,,
6629,,,,,,,,,,,,
6675,,,,,,,,,,,,
6684,,,,,,,,,,,,
6709,,,,,,,,,,,,
6845,,,,,,,,,,,,
6846,,,,,,,,,,,,
6891,,,,,,,,,,,,
6903,,,,,,,,,,,,
7021,,,,,,,,,,,,
7048,,,,,,,,,,,,
7151,,,,,,,,,,,,
7214,,,,,,,,,,,,
7263,,,,,,,,,,,,
7313,,,,,,,,,,,,
7326,,,,,,,,,,,,
7334,,,,,,,,,,,,
7339,,,,,,,,,,,,
7364,,,,,,,,,,,,
7414,,,,,,,,,,,,
7521,,,,,,,,,,,,
7545,,,,,,,,,,,,
7546,,,,,,,,,,,,
7625,,,,,,,,,,,,
7772,,,,,,,,,,,,
7827,,,,,,,,,,,,
7864,,,,,,,,,,,,
7877,,,,,,,,,,,,
7913,,,,,,,,,,,,
7917,,,,,,,,,,,,
8013,,,,,,,,,,,,
8112,,,,,,,,,,,,
8171,,,,,,,,,,,,
8211,,,,,,,,,,,,
8275,,,,,,,,,,,,
8315,,,,,,,,,,,,
8386,,,,,,,,,,,,
8433,,,,,,,,,,,,
8523,,,,,,,,,,,,
8582,,,,,,,,,,,,
8616,,,,,,,,,,,,
8759,,,,,,,,,,,,
8891,,,,,,,,,,,,
8911,,,,,,,,,,,,
8921,,,,,,,,,,,,
8936,,,,,,,,,,,,
9057,,,,,,,,,,,,
9105,,,,,,,,,,,,
9147,,,,,,,,,,,,
9213,,,,,,,,,,,,
9251,,,,,,,,,,,,
9296,,,,,,,,,,,,
9313,,,,,,,,,,,,
9469,,,,,,,,,,,,
9585,,,,,,,,,,,,
9625,,,,,,,,,,,,
9641,,,,,,,,,,,,
9721,,,,,,,,,,,,
9722,,,,,,,,,,,,
9734,,,,,,,,,,,,
9804,,,,,,,,,,,,
9833,,,,,,,,,,,,
9902,,,,,,,,,,,,
9946,,,,,,,,,,,,
9962,,,,,,,,,,,,
9988,,,,,,,,,,,,
9999,,,,,,,,,,,,
1974,,,,,,,,,,,,
1021,,,,,,,,,,,,
1034,,,,,,,,,,,,
1112,,,,,,,,,,,,
1276,,,,,,,,,,,,
1422,,,,,,,,,,,,
1451,,,,,,,,,,,,
1613,,,,,,,,,,,,
1616,,,,,,,,,,,,
1622,,,,,,,,,,,,
1641,,,,,,,,,,,,
2116,,,,,,,,,,,,
2235,,,,,,,,,,,,
2396,,,,,,,,,,,,
2492,,,,,,,,,,,,
2521,,,,,,,,,,,,
2672,,,,,,,,,,,,
2678,,,,,,,,,,,,
2722,,,,,,,,,,,,
2831,,,,,,,,,,,,
2954,,,,,,,,,,,,
2981,,,,,,,,,,,,
2982,,,,,,,,,,,,
3063,,,,,,,,,,,,
3124,,,,,,,,,,,,
3192,,,,,,,,,,,,
3201,,,,,,,,,,,,
3313,,,,,,,,,,,,
3436,44.27515,45.71455,46.31528,43.68435,39.85062,37.75807,36.77494,37.21422,39.4366,41.83495,44.17549,44.76983
3464,,,,,,,,,,,,
3525,48.75827,50.2771,51.0921,47.42537,43.10397,40.87691,39.84809,40.86637,43.67052,46.4239,49.02003,50.33334
3628,,,,,,,,,,,,
3992,42.91666,44.15657,44.83707,40.99123,37.18859,35.31565,34.47697,35.85832,38.17349,40.38947,42.47791,43.88731
4016,,,,,,,,,,,,
4156,,,,,,,,,,,,
4176,,,,,,,,,,,,
4221,,,,,,,,,,,,
4233,,,,,,,,,,,,
4382,,,,,,,,,,,,
4414,,,,,,,,,,,,
4433,,,,,,,,,,,,
4503,,,,,,,,,,,,
4561,,,,,,,,,,,,
4705,,,,,,,,,,,,
4715,,,,,,,,,,,,
4796,,,,,,,,,,,,
4824,,,,,,,,,,,,
4825,,,,,,,,,,,,
5011,,,,,,,,,,,,
5101,,,,,,,,,,,,
5142,,,,,,,,,,,,
5244,,,,,,,,,,,,
5368,,,,,,,,,,,,
5395,,,,,,,,,,,,
5528,,,,,,,,,,,,
5647,,,,,,,,,,,,
5712,,,,,,,,,,,,
5976,,,,,,,,,,,,
5981,,,,,,,,,,,,
6003,,,,,,,,,,,,
6095,,,,,,,,,,,,
6163,,,,,,,,,,,,
6164,,,,,,,,,,,,
6222,,,,,,,,,,,,
6252,,,,,,,,,,,,
6467,,,,,,,,,,,,
6471,,,,,,,,,,,,
6521,,,,,,,,,,,,
6538,,,,,,,,,,,,
6543,,,,,,,,,,,,
6545,,,,,,,,,,,,
6615,,,,,,,,,,,,
6616,,,,,,,,,,,,
6626,,,,,,,,,,,,
6661,,,,,,,,,,,,
6662,,,,,,,,,,,,
6718,,,,,,,,,,,,
6834,,,,,,,,,,,,
6882,,,,,,,,,,,,
7137,,,,,,,,,,,,
7434,,,,,,,,,,,,
7496,,,,,,,,,,,,
7523,,,,,,,,,,,,
7533,,,,,,,,,,,,
7555,,,,,,,,,,,,
7813,,,,,,,,,,,,
7911,,,,,,,,,,,,
7915,,,,,,,,,,,,
7931,,,,,,,,,,,,
7938,,,,,,,,,,,,
8081,,,,,,,,,,,,
8161,,,,,,,,,,,,
8361,,,,,,,,,,,,
8363,,,,,,,,,,,,
8375,,,,,,,,,,,,
8391,,,,,,,,,,,,
8485,,,,,,,,,,,,
8526,,,,,,,,,,,,
8538,,,,,,,,,,,,
8566,,,,,,,,,,,,
8571,,,,,,,,,,,,
8613,,,,,,,,,,,,
8724,,,,,,,,,,,,
8763,,,,,,,,,,,,
8806,,,,,,,,,,,,
8809,,,,,,,,,,,,
8816,,,,,,,,,,,,
8914,,,,,,,,,,,,
8931,,,,,,,,,,,,
9024,,,,,,,,,,,,
9072,,,,,,,,,,,,
9161,,,,,,,,,,,,
9164,,,,,,,,,,,,
9315,,,,,,,,,,,,
9447,,,,,,,,,,,,
9458,,,,,,,,,,,,
9474,,,,,,,,,,,,
9491,,,,,,,,,,,,
9574,,,,,,,,,,,,
9673,,,,,,,,,,,,
9682,,,,,,,,,,,,
9685,,,,,,,,,,,,
9718,,,,,,,,,,,,
9841,,,,,,,,,,,,
9905,,,,,,,,,,,,
9919,,,,,,,,,,,,
9969,,,,,,,,,,,,
9982,,,,,,,,,,,,
9998,,,,,,,,,,,,
2542,,,,,,,,,,,,
1015,,,,,,,,,,,,
1025,,,,,,,,,,,,
1044,,,,,,,,,,,,
1047,,,,,,,,,,,,
1055,,,,,,,,,,,,
1105,,,,,,,,,,,,
1106,,,,,,,,,,,,
1119,,,,,,,,,,,,
1231,,,,,,,,,,,,
1275,,,,,,,,,,,,
1339,,,,,,,,,,,,
1426,,,,,,,,,,,,
1441,,,,,,,,,,,,
1621,,,,,,,,,,,,
1704,,,,,,,,,,,,
1735,,,,,,,,,,,,
1871,,,,,,,,,,,,
2015,,,,,,,,,,,,
2033,,,,,,,,,,,,
2261,,,,,,,,,,,,
2292,,,,,,,,,,,,
2375,,,,,,,,,,,,
2376,,,,,,,,,,,,
2411,,,,,,,,,,,,
2553,,,,,,,,,,,,
2564,,,,,,,,,,,,
2566,,,,,,,,,,,,
2613,,,,,,,,,,,,
2665,,,,,,,,,,,,
2974,,,,,,,,,,,,
3038,,,,,,,,,,,,
3043,,,,,,,,,,,,
3077,,,,,,,,,,,,
3121,,,,,,,,,,,,
3227,,,,,,,,,,,,
3241,,,,,,,,,,,,
3521,54.46898,57.86834,60.06305,57.52093,53.5181,50.828,48.92352,49.67947,52.25616,55.23817,58.74597,61.24757
3607,41.83941,43.30156,43.73141,41.71701,38.21393,36.21178,35.21798,35.33044,37.20004,39.45253,41.68701,41.81574
3626,,,,,,,,,,,,
3631,,,,,,,,,,,,
3775,,,,,,,,,,,,
3832,,,,,,,,,,,,
3891,,,,,,,,,,,,
3921,,,,,,,,,,,,
3981,51.44152,54.71072,55.47222,52.37264,49.08858,46.97683,45.08813,46.34589,48.64414,52.1396,55.55142,56.85492
3995,44.08674,45.72569,46.14991,44.4668,40.82478,38.67126,37.56152,37.36033,39.35392,41.85526,44.33261,44.2216
4223,,,,,,,,,,,,
4266,,,,,,,,,,,,
4287,,,,,,,,,,,,
4381,,,,,,,,,,,,
4482,,,,,,,,,,,,
4564,,,,,,,,,,,,
4584,,,,,,,,,,,,
4588,,,,,,,,,,,,
4613,,,,,,,,,,,,
4837,,,,,,,,,,,,
4854,,,,,,,,,,,,
4884,,,,,,,,,,,,
5111,,,,,,,,,,,,
5171,,,,,,,,,,,,
5302,,,,,,,,,,,,
5348,,,,,,,,,,,,
5383,,,,,,,,,,,,
5422,,,,,,,,,,,,
5583,,,,,,,,,,,,
5611,,,,,,,,,,,,
5751,,,,,,,,,,,,
5821,,,,,,,,,,,,
5954,,,,,,,,,,,,
6065,,,,,,,,,,,,
6077,,,,,,,,,,,,
6093,,,,,,,,,,,,
6102,,,,,,,,,,,,
6121,,,,,,,,,,,,
6162,,,,,,,,,,,,
6216,,,,,,,,,,,,
6307,,,,,,,,,,,,
6413,,,,,,,,,,,,
6566,,,,,,,,,,,,
6606,,,,,,,,,,,,
6611,,,,,,,,,,,,
6612,,,,,,,,,,,,
6681,,,,,,,,,,,,
6703,,,,,,,,,,,,
6812,,,,,,,,,,,,
6828,,,,,,,,,,,,
6869,,,,,,,,,,,,
6921,,,,,,,,,,,,
6932,,,,,,,,,,,,
6975,,,,,,,,,,,,
7031,,,,,,,,,,,,
7044,,,,,,,,,,,,
7046,,,,,,,,,,,,
7113,,,,,,,,,,,,
7132,,,,,,,,,,,,
7331,,,,,,,,,,,,
7341,,,,,,,,,,,,
7472,,,,,,,,,,,,
7497,,,,,,,,,,,,
7548,,,,,,,,,,,,
7626,,,,,,,,,,,,
7645,,,,,,,,,,,,
7845,,,,,,,,,,,,
7884,,,,,,,,,,,,
7936,,,,,,,,,,,,
7966,,,,,,,,,,,,
8012,,,,,,,,,,,,
8032,,,,,,,,,,,,
8033,,,,,,,,,,,,
8322,,,,,,,,,,,,
8326,,,,,,,,,,,,
8331,,,,,,,,,,,,
8339,,,,,,,,,,,,
8413,,,,,,,,,,,,
8457,,,,,,,,,,,,
8507,,,,,,,,,,,,
8525,,,,,,,,,,,,
8541,,,,,,,,,,,,
8603,,,,,,,,,,,,
8608,,,,,,,,,,,,
8772,,,,,,,,,,,,
8802,,,,,,,,,,,,
8835,,,,,,,,,,,,
8853,,,,,,,,,,,,
8895,,,,,,,,,,,,
9007,,,,,,,,,,,,
9013,,,,,,,,,,,,
9061,,,,,,,,,,,,
9107,,,,,,,,,,,,
9148,,,,,,,,,,,,
9297,,,,,,,,,,,,
9334,,,,,,,,,,,,
9336,,,,,,,,,,,,
9351,,,,,,,,,,,,
9435,,,,,,,,,,,,
9453,,,,,,,,,,,,
9495,,,,,,,,,,,,
9496,,,,,,,,,,,,
9525,,,,,,,,,,,,
9622,,,,,,,,,,,,
9656,,,,,,,,,,,,
9687,,,,,,,,,,,,
9714,,,,,,,,,,,,
9744,,,,,,,,,,,,
9781,,,,,,,,,,,,
9805,,,,,,,,,,,,
9933,,,,,,,,,,,,
9975,,,,,,,,,,,,
4211,,,,,,,,,,,,
1145,,,,,,,,,,,,
1181,,,,,,,,,,,,
1262,,,,,,,,,,,,
1274,,,,,,,,,,,,
1359,,,,,,,,,,,,
1402,,,,,,,,,,,,
1433,,,,,,,,,,,,
1601,,,,,,,,,,,,
1623,,,,,,,,,,,,
1693,,,,,,,,,,,,
1826,,,,,,,,,,,,
1852,,,,,,,,,,,,
1951,,,,,,,,,,,,
2013,,,,,,,,,,,,
2023,,,,,,,,,,,,
2295,,,,,,,,,,,,
2334,,,,,,,,,,,,
2407,,,,,,,,,,,,
2431,,,,,,,,,,,,
2432,,,,,,,,,,,,
2498,,,,,,,,,,,,
2611,,,,,,,,,,,,
3016,,,,,,,,,,,,
3056,,,,,,,,,,,,
3059,,,,,,,,,,,,
3078,,,,,,,,,,,,
3197,,,,,,,,,,,,
3235,,,,,,,,,,,,
2593,,,,,,,,,,,,
1033,,,,,,,,,,,,
1062,,,,,,,,,,,,
1065,,,,,,,,,,,,
1261,,,,,,,,,,,,
1361,,,,,,,,,,,,
1432,,,,,,,,,,,,
1508,,,,,,,,,,,,
1614,,,,,,,,,,,,
1682,,,,,,,,,,,,
1723,,,,,,,,,,,,
1767,,,,,,,,,,,,
1847,,,,,,,,,,,,
1964,,,,,,,,,,,,
1971,,,,,,,,,,,,
2037,,,,,,,,,,,,
2134,,,,,,,,,,,,
2182,,,,,,,,,,,,
2215,,,,,,,,,,,,
2282,,,,,,,,,,,,
2314,,,,,,,,,,,,
2547,,,,,,,,,,,,
2752,,,,,,,,,,,,
3088,,,,,,,,,,,,
3113,,,,,,,,,,,,
3123,,,,,,,,,,,,
3125,,,,,,,,,,,,
3137,,,,,,,,,,,,
3262,,,,,,,,,,,,
3267,,,,,,,,,,,,
3284,,,,,,,,,,,,
3403,30.35589,31.03267,31.394,29.02966,26.30189,24.90183,24.40438,25.12154,26.13766,27.15746,28.28823,28.75803
3434,,,,,,,,,,,,
3441,,,,,,,,,,,,
3514,50.12221,51.81637,52.57179,49.40176,45.05376,42.71372,41.57164,42.1989,45.01072,47.95494,50.74747,51.69344
3564,43.52759,44.85048,45.50071,42.46223,38.62772,36.61099,35.70402,36.45432,38.69854,40.98204,43.19729,44.08755
3642,,,,,,,,,,,,
3722,,,,,,,,,,,,
3735,,,,,,,,,,,,
3742,,,,,,,,,,,,
3744,,,,,,,,,,,,
3761,,,,,,,,,,,,
3794,,,,,,,,,,,,
3814,,,,,,,,,,,,
3848,,,,,,,,,,,,
3881,,,,,,,,,,,,
3931,,,,,,,,,,,,
3998,,,,,,,,,,,,
4132,,,,,,,,,,,,
4147,,,,,,,,,,,,
4185,,,,,,,,,,,,
4245,,,,,,,,,,,,
4363,,,,,,,,,,,,
4374,,,,,,,,,,,,
4385,,,,,,,,,,,,
4386,,,,,,,,,,,,
4436,,,,,,,,,,,,
4454,,,,,,,,,,,,
4475,,,,,,,,,,,,
4574,,,,,,,,,,,,
4586,,,,,,,,,,,,
4681,,,,,,,,,,,,
4711,,,,,,,,,,,,
4771,,,,,,,,,,,,
4782,,,,,,,,,,,,
4841,,,,,,,,,,,,
4844,,,,,,,,,,,,
4851,,,,,,,,,,,,
5013,,,,,,,,,,,,
5017,,,,,,,,,,,,
5044,,,,,,,,,,,,
5046,,,,,,,,,,,,
5071,,,,,,,,,,,,
5232,,,,,,,,,,,,
5233,,,,,,,,,,,,
5245,,,,,,,,,,,,
5263,,,,,,,,,,,,
5316,,,,,,,,,,,,
5472,,,,,,,,,,,,
5503,,,,,,,,,,,,
5505,,,,,,,,,,,,
5621,,,,,,,,,,,,
5624,,,,,,,,,,,,
5843,,,,,,,,,,,,
5975,,,,,,,,,,,,
5977,,,,,,,,,,,,
6045,,,,,,,,,,,,
6061,,,,,,,,,,,,
6278,,,,,,,,,,,,
6286,,,,,,,,,,,,
6371,,,,,,,,,,,,
6573,,,,,,,,,,,,
6653,,,,,,,,,,,,
6744,,,,,,,,,,,,
6841,,,,,,,,,,,,
6881,,,,,,,,,,,,
6904,,,,,,,,,,,,
7205,,,,,,,,,,,,
7225,,,,,,,,,,,,
7242,,,,,,,,,,,,
7255,,,,,,,,,,,,
7312,,,,,,,,,,,,
7316,,,,,,,,,,,,
7332,,,,,,,,,,,,
7439,,,,,,,,,,,,
7468,,,,,,,,,,,,
7481,,,,,,,,,,,,
7581,,,,,,,,,,,,
7591,,,,,,,,,,,,
7605,,,,,,,,,,,,
7606,,,,,,,,,,,,
7621,,,,,,,,,,,,
7622,,,,,,,,,,,,
7685,,,,,,,,,,,,
7751,,,,,,,,,,,,
7944,,,,,,,,,,,,
7958,,,,,,,,,,,,
7975,,,,,,,,,,,,
7991,,,,,,,,,,,,
8024,,,,,,,,,,,,
8218,,,,,,,,,,,,
8239,,,,,,,,,,,,
8392,,,,,,,,,,,,
8403,,,,,,,,,,,,
8411,,,,,,,,,,,,
8506,,,,,,,,,,,,
8514,,,,,,,,,,,,
8517,,,,,,,,,,,,
8617,,,,,,,,,,,,
8636,,,,,,,,,,,,
8731,,,,,,,,,,,,
8741,,,,,,,,,,,,
8764,,,,,,,,,,,,
8765,,,,,,,,,,,,
8766,,,,,,,,,,,,
8813,,,,,,,,,,,,
8932,,,,,,,,,,,,
9037,,,,,,,,,,,,
9038,,,,,,,,,,,,
9045,,,,,,,,,,,,
9051,,,,,,,,,,,,
9102,,,,,,,,,,,,
9125,,,,,,,,,,,,
9205,,,,,,,,,,,,
9321,,,,,,,,,,,,
9341,,,,,,,,,,,,
9361,,,,,,,,,,,,
9365,,,,,,,,,,,,
9403,,,,,,,,,,,,
9445,,,,,,,,,,,,
9464,,,,,,,,,,,,
9472,,,,,,,,,,,,
9526,,,,,,,,,,,,
9536,,,,,,,,,,,,
9642,,,,,,,,,,,,
9784,,,,,,,,,,,,
9812,,,,,,,,,,,,
9871,,,,,,,,,,,,
9974,,,,,,,,,,,,
1706,,,,,,,,,,,,
3902,,,,,,,,,,,,
7608,,,,,,,,,,,,
1016,,,,,,,,,,,,
1054,,,,,,,,,,,,
1059,,,,,,,,,,,,
1073,,,,,,,,,,,,
1323,,,,,,,,,,,,
1327,,,,,,,,,,,,
1483,,,,,,,,,,,,
1485,,,,,,,,,,,,
1488,,,,,,,,,,,,
1531,,,,,,,,,,,,
1609,,,,,,,,,,,,
1687,,,,,,,,,,,,
1692,,,,,,,,,,,,
1736,,,,,,,,,,,,
1744,,,,,,,,,,,,
1783,,,,,,,,,,,,
2216,,,,,,,,,,,,
2321,,,,,,,,,,,,
2323,,,,,,,,,,,,
2332,,,,,,,,,,,,
2496,,,,,,,,,,,,
2541,,,,,,,,,,,,
2582,,,,,,,,,,,,
2612,,,,,,,,,,,,
2803,,,,,,,,,,,,
2807,,,,,,,,,,,,
2861,,,,,,,,,,,,
2912,,,,,,,,,,,,
2993,,,,,,,,,,,,
3034,,,,,,,,,,,,
3037,,,,,,,,,,,,
3041,,,,,,,,,,,,
3054,,,,,,,,,,,,
3071,,,,,,,,,,,,
3117,,,,,,,,,,,,
3135,,,,,,,,,,,,
3136,,,,,,,,,,,,
3195,,,,,,,,,,,,
3223,,,,,,,,,,,,
3264,,,,,,,,,,,,
3601,,,,,,,,,,,,
3773,,,,,,,,,,,,
3972,,,,,,,,,,,,
3984,,,,,,,,,,,,
4031,,,,,,,,,,,,
4051,,,,,,,,,,,,
4104,,,,,,,,,,,,
4285,,,,,,,,,,,,
4315,,,,,,,,,,,,
4388,,,,,,,,,,,,
4524,,,,,,,,,,,,
4765,,,,,,,,,,,,
4873,,,,,,,,,,,,
5048,,,,,,,,,,,,
5272,,,,,,,,,,,,
5318,,,,,,,,,,,,
5357,,,,,,,,,,,,
5404,,,,,,,,,,,,
5406,,,,,,,,,,,,
5421,,,,,,,,,,,,
5466,,,,,,,,,,,,
5476,,,,,,,,,,,,
5527,,,,,,,,,,,,
5552,,,,,,,,,,,,
5633,,,,,,,,,,,,
5642,,,,,,,,,,,,
5651,,,,,,,,,,,,
5664,,,,,,,,,,,,
5666,,,,,,,,,,,,
5984,,,,,,,,,,,,
6026,,,,,,,,,,,,
6031,,,,,,,,,,,,
6035,,,,,,,,,,,,
6071,,,,,,,,,,,,
6082,,,,,,,,,,,,
6562,,,,,,,,,,,,
6572,,,,,,,,,,,,
6628,,,,,,,,,,,,
6666,,,,,,,,,,,,
6674,,,,,,,,,,,,
6687,,,,,,,,,,,,
6924,,,,,,,,,,,,
6991,,,,,,,,,,,,
7107,,,,,,,,,,,,
7216,,,,,,,,,,,,
7447,,,,,,,,,,,,
7514,,,,,,,,,,,,
7554,,,,,,,,,,,,
7571,,,,,,,,,,,,
7588,,,,,,,,,,,,
7691,,,,,,,,,,,,
7739,,,,,,,,,,,,
7782,,,,,,,,,,,,
7796,,,,,,,,,,,,
7797,,,,,,,,,,,,
7863,,,,,,,,,,,,
7871,,,,,,,,,,,,
7876,,,,,,,,,,,,
8034,,,,,,,,,,,,
8045,,,,,,,,,,,,
8304,,,,,,,,,,,,
8325,,,,,,,,,,,,
8388,,,,,,,,,,,,
8455,,,,,,,,,,,,
8469,,,,,,,,,,,,
8501,,,,,,,,,,,,
8528,,,,,,,,,,,,
8614,,,,,,,,,,,,
8637,,,,,,,,,,,,
8715,,,,,,,,,,,,
8774,,,,,,,,,,,,
8823,,,,,,,,,,,,
8831,,,,,,,,,,,,
9078,,,,,,,,,,,,
9112,,,,,,,,,,,,
9151,,,,,,,,,,,,
9215,,,,,,,,,,,,
9284,,,,,,,,,,,,
9434,,,,,,,,,,,,
9573,,,,,,,,,,,,
9606,,,,,,,,,,,,
9626,,,,,,,,,,,,
9674,,,,,,,,,,,,
9684,,,,,,,,,,,,
9752,,,,,,,,,,,,
9766,,,,,,,,,,,,
9845,,,,,,,,,,,,
9866,,,,,,,,,,,,
9992,,,,,,,,,,,,
9993,,,,,,,,,,,,
1061,,,,,,,,,,,,
1072,,,,,,,,,,,,
1074,,,,,,,,,,,,
1093,,,,,,,,,,,,
1107,,,,,,,,,,,,
1171,,,,,,,,,,,,
1336,,,,,,,,,,,,
1355,,,,,,,,,,,,
1411,,,,,,,,,,,,
1412,,,,,,,,,,,,
1445,,,,,,,,,,,,
1448,,,,,,,,,,,,
1484,,,,,,,,,,,,
1509,,,,,,,,,,,,
1534,,,,,,,,,,,,
1625,,,,,,,,,,,,
1683,,,,,,,,,,,,
1746,,,,,,,,,,,,
1792,,,,,,,,,,,,
1942,,,,,,,,,,,,
2014,,,,,,,,,,,,
2022,,,,,,,,,,,,
2101,,,,,,,,,,,,
2131,,,,,,,,,,,,
2158,,,,,,,,,,,,
2165,,,,,,,,,,,,
2415,,,,,,,,,,,,
2545,,,,,,,,,,,,
2661,,,,,,,,,,,,
2712,,,,,,,,,,,,
2923,,,,,,,,,,,,
2975,,,,,,,,,,,,
3042,,,,,,,,,,,,
3146,,,,,,,,,,,,
3231,,,,,,,,,,,,
3258,,,,,,,,,,,,
3293,,,,,,,,,,,,
3332,,,,,,,,,,,,
3333,,,,,,,,,,,,
3334,,,,,,,,,,,,
3341,,,,,,,,,,,,
3344,,,,,,,,,,,,
3372,,,,,,,,,,,,
3431,46.80074,48.37708,49.02242,46.26034,42.22793,40.0226,38.95424,39.40727,41.85941,44.50983,47.06403,47.73168
3565,40.90833,41.96353,42.67121,39.00345,35.27753,33.45233,32.71871,33.99704,36.15493,38.11142,40.00077,41.35659
3653,,,,,,,,,,,,
3708,,,,,,,,,,,,
3817,,,,,,,,,,,,
3861,,,,,,,,,,,,
3927,,,,,,,,,,,,
4011,,,,,,,,,,,,
4024,,,,,,,,,,,,
4107,,,,,,,,,,,,
4214,,,,,,,,,,,,
4243,,,,,,,,,,,,
4307,,,,,,,,,,,,
4332,,,,,,,,,,,,
4371,,,,,,,,,,,,
4536,,,,,,,,,,,,
4567,,,,,,,,,,,,
4793,,,,,,,,,,,,
4814,,,,,,,,,,,,
4855,,,,,,,,,,,,
5126,,,,,,,,,,,,
5161,,,,,,,,,,,,
5266,,,,,,,,,,,,
5402,,,,,,,,,,,,
5445,,,,,,,,,,,,
5462,,,,,,,,,,,,
5463,,,,,,,,,,,,
5473,,,,,,,,,,,,
5689,,,,,,,,,,,,
5816,,,,,,,,,,,,
5862,,,,,,,,,,,,
5924,,,,,,,,,,,,
6028,,,,,,,,,,,,
6191,,,,,,,,,,,,
6214,,,,,,,,,,,,
6228,,,,,,,,,,,,
6262,,,,,,,,,,,,
6285,,,,,,,,,,,,
6294,,,,,,,,,,,,
6417,,,,,,,,,,,,
6422,,,,,,,,,,,,
6534,,,,,,,,,,,,
6582,,,,,,,,,,,,
6645,,,,,,,,,,,,
6654,,,,,,,,,,,,
6665,,,,,,,,,,,,
6676,,,,,,,,,,,,
6701,,,,,,,,,,,,
6733,,,,,,,,,,,,
6824,,,,,,,,,,,,
6914,,,,,,,,,,,,
6915,,,,,,,,,,,,
7061,,,,,,,,,,,,
7106,,,,,,,,,,,,
7134,,,,,,,,,,,,
7136,,,,,,,,,,,,
7421,,,,,,,,,,,,
7495,,,,,,,,,,,,
7525,,,,,,,,,,,,
7582,,,,,,,,,,,,
7663,,,,,,,,,,,,
7693,,,,,,,,,,,,
7756,,,,,,,,,,,,
7771,,,,,,,,,,,,
7781,,,,,,,,,,,,
7786,,,,,,,,,,,,
7794,,,,,,,,,,,,
7821,,,,,,,,,,,,
7824,,,,,,,,,,,,
7841,,,,,,,,,,,,
7853,,,,,,,,,,,,
7875,,,,,,,,,,,,
7910,,,,,,,,,,,,
7934,,,,,,,,,,,,
8031,,,,,,,,,,,,
8076,,,,,,,,,,,,
8097,,,,,,,,,,,,
8312,,,,,,,,,,,,
8397,,,,,,,,,,,,
8441,,,,,,,,,,,,
8563,,,,,,,,,,,,
8632,,,,,,,,,,,,
8808,,,,,,,,,,,,
8833,,,,,,,,,,,,
8885,,,,,,,,,,,,
8938,,,,,,,,,,,,
8939,,,,,,,,,,,,
8941,,,,,,,,,,,,
9087,,,,,,,,,,,,
9138,,,,,,,,,,,,
9144,,,,,,,,,,,,
9156,,,,,,,,,,,,
9173,,,,,,,,,,,,
9201,,,,,,,,,,,,
9231,,,,,,,,,,,,
9463,,,,,,,,,,,,
9503,,,,,,,,,,,,
9528,,,,,,,,,,,,
9584,,,,,,,,,,,,
9713,,,,,,,,,,,,
9733,,,,,,,,,,,,
9843,,,,,,,,,,,,
9881,,,,,,,,,,,,
9911,,,,,,,,,,,,
9985,,,,,,,,,,,,
9989,,,,,,,,,,,,
3353,,,,,,,,,,,,
3371,,,,,,,,,,,,
3373,,,,,,,,,,,,
3412,,,,,,,,,,,,
3541,47.35232,48.62715,49.5558,45.02909,40.68447,38.60535,37.73508,39.40022,42.26836,44.79063,47.13414,49.07631
3645,,,,,,,,,,,,
3651,,,,,,,,,,,,
3833,,,,,,,,,,,,
3845,,,,,,,,,,,,
4006,,,,,,,,,,,,
4115,,,,,,,,,,,,
4158,,,,,,,,,,,,
4196,,,,,,,,,,,,
4283,,,,,,,,,,,,
4328,,,,,,,,,,,,
4387,,,,,,,,,,,,
4533,,,,,,,,,,,,
4562,,,,,,,,,,,,
4882,,,,,,,,,,,,
4909,,,,,,,,,,,,
5102,,,,,,,,,,,,
5103,,,,,,,,,,,,
5157,,,,,,,,,,,,
5158,,,,,,,,,,,,
5221,,,,,,,,,,,,
5258,,,,,,,,,,,,
5261,,,,,,,,,,,,
5321,,,,,,,,,,,,
5556,,,,,,,,,,,,
5623,,,,,,,,,,,,
5753,,,,,,,,,,,,
5758,,,,,,,,,,,,
5817,,,,,,,,,,,,
5926,,,,,,,,,,,,
5964,,,,,,,,,,,,
6019,,,,,,,,,,,,
6124,,,,,,,,,,,,
6241,,,,,,,,,,,,
6431,,,,,,,,,,,,
6442,,,,,,,,,,,,
6655,,,,,,,,,,,,
6659,,,,,,,,,,,,
6685,,,,,,,,,,,,
6731,,,,,,,,,,,,
6901,,,,,,,,,,,,
7131,,,,,,,,,,,,
7201,,,,,,,,,,,,
7213,,,,,,,,,,,,
7328,,,,,,,,,,,,
7371,,,,,,,,,,,,
7451,,,,,,,,,,,,
7609,,,,,,,,,,,,
7651,,,,,,,,,,,,
7667,,,,,,,,,,,,
7738,,,,,,,,,,,,
7874,,,,,,,,,,,,
8043,,,,,,,,,,,,
8252,,,,,,,,,,,,
8309,,,,,,,,,,,,
8351,,,,,,,,,,,,
8373,,,,,,,,,,,,
8415,,,,,,,,,,,,
8477,,,,,,,,,,,,
8493,,,,,,,,,,,,
8581,,,,,,,,,,,,
8601,,,,,,,,,,,,
8612,,,,,,,,,,,,
8622,,,,,,,,,,,,
8651,,,,,,,,,,,,
8702,,,,,,,,,,,,
8713,,,,,,,,,,,,
8834,,,,,,,,,,,,
8861,,,,,,,,,,,,
8897,,,,,,,,,,,,
8915,,,,,,,,,,,,
8917,,,,,,,,,,,,
8923,,,,,,,,,,,,
8933,,,,,,,,,,,,
9146,,,,,,,,,,,,
9163,,,,,,,,,,,,
9233,,,,,,,,,,,,
9269,,,,,,,,,,,,
9364,,,,,,,,,,,,
9457,,,,,,,,,,,,
9471,,,,,,,,,,,,
9479,,,,,,,,,,,,
9601,,,,,,,,,,,,
9624,,,,,,,,,,,,
9659,,,,,,,,,,,,
9741,,,,,,,,,,,,
9863,,,,,,,,,,,,
9884,,,,,,,,,,,,
9937,,,,,,,,,,,,
9979,,,,,,,,,,,,
9991,,,,,,,,,,,,
8015,,,,,,,,,,,,
9302,,,,,,,,,,,,
1017,,,,,,,,,,,,
1045,,,,,,,,,,,,
1077,,,,,,,,,,,,
1135,,,,,,,,,,,,
1151,,,,,,,,,,,,
1185,,,,,,,,,,,,
1273,,,,,,,,,,,,
1311,,,,,,,,,,,,
1312,,,,,,,,,,,,
1331,,,,,,,,,,,,
1404,,,,,,,,,,,,
1473,,,,,,,,,,,,
1525,,,,,,,,,,,,
1671,,,,,,,,,,,,
1674,,,,,,,,,,,,
1713,,,,,,,,,,,,
1747,,,,,,,,,,,,
1788,,,,,,,,,,,,
1968,,,,,,,,,,,,
2191,,,,,,,,,,,,
2481,,,,,,,,,,,,
2493,,,,,,,,,,,,
2512,,,,,,,,,,,,
2533,,,,,,,,,,,,
2641,,,,,,,,,,,,
2729,,,,,,,,,,,,
2901,,,,,,,,,,,,
2922,,,,,,,,,,,,
3046,,,,,,,,,,,,
3085,,,,,,,,,,,,
3171,,,,,,,,,,,,
3225,,,,,,,,,,,,
1184,,,,,,,,,,,,
2642,,,,,,,,,,,,
1056,,,,,,,,,,,,
1078,,,,,,,,,,,,
1091,,,,,,,,,,,,
1161,,,,,,,,,,,,
1317,,,,,,,,,,,,
1343,,,,,,,,,,,,
1394,,,,,,,,,,,,
1398,,,,,,,,,,,,
1447,,,,,,,,,,,,
1458,,,,,,,,,,,,
1607,,,,,,,,,,,,
1633,,,,,,,,,,,,
1636,,,,,,,,,,,,
1648,,,,,,,,,,,,
1679,,,,,,,,,,,,
1796,,,,,,,,,,,,
1829,,,,,,,,,,,,
1946,,,,,,,,,,,,
1961,,,,,,,,,,,,
1991,,,,,,,,,,,,
2012,,,,,,,,,,,,
2141,,,,,,,,,,,,
2181,,,,,,,,,,,,
2242,,,,,,,,,,,,
2313,,,,,,,,,,,,
2495,,,,,,,,,,,,
2544,,,,,,,,,,,,
2713,,,,,,,,,,,,
3064,,,,,,,,,,,,
3176,,,,,,,,,,,,
3245,,,,,,,,,,,,
3297,,,,,,,,,,,,
3352,,,,,,,,,,,,
3361,,,,,,,,,,,,
3362,,,,,,,,,,,,
3455,34.61785,35.38929,35.93853,32.72352,29.54624,28.00411,27.44983,28.62115,30.16504,31.5317,32.92245,33.98274
3467,,,,,,,,,,,,
3604,41.29608,42.51255,43.11132,40.20963,36.56481,34.65009,33.81034,34.53873,36.57071,38.64156,40.67587,41.47934
3606,43.89171,45.39117,45.91837,43.58554,39.85366,37.76502,36.74575,37.00174,39.11797,41.52803,43.88976,44.25333
3701,,,,,,,,,,,,
3704,,,,,,,,,,,,
3824,,,,,,,,,,,,
3846,,,,,,,,,,,,
3871,,,,,,,,,,,,
3901,,,,,,,,,,,,
4131,,,,,,,,,,,,
4286,,,,,,,,,,,,
4357,,,,,,,,,,,,
4389,,,,,,,,,,,,
4505,,,,,,,,,,,,
4522,,,,,,,,,,,,
4527,,,,,,,,,,,,
4565,,,,,,,,,,,,
4612,,,,,,,,,,,,
5037,,,,,,,,,,,,
5041,,,,,,,,,,,,
5081,,,,,,,,,,,,
5156,,,,,,,,,,,,
5235,,,,,,,,,,,,
5248,,,,,,,,,,,,
5283,,,,,,,,,,,,
5334,,,,,,,,,,,,
5424,,,,,,,,,,,,
5469,,,,,,,,,,,,
5646,,,,,,,,,,,,
5656,,,,,,,,,,,,
5831,,,,,,,,,,,,
5864,,,,,,,,,,,,
5913,,,,,,,,,,,,
6083,,,,,,,,,,,,
6142,,,,,,,,,,,,
6261,,,,,,,,,,,,
6289,,,,,,,,,,,,
6351,,,,,,,,,,,,
6432,,,,,,,,,,,,
6461,,,,,,,,,,,,
6525,,,,,,,,,,,,
6542,,,,,,,,,,,,
6644,,,,,,,,,,,,
6717,,,,,,,,,,,,
6909,,,,,,,,,,,,
6953,,,,,,,,,,,,
7109,,,,,,,,,,,,
7115,,,,,,,,,,,,
7123,,,,,,,,,,,,
7391,,,,,,,,,,,,
7392,,,,,,,,,,,,
7395,,,,,,,,,,,,
7435,,,,,,,,,,,,
7441,,,,,,,,,,,,
7475,,,,,,,,,,,,
7535,,,,,,,,,,,,
7552,,,,,,,,,,,,
7574,,,,,,,,,,,,
7623,,,,,,,,,,,,
7683,,,,,,,,,,,,
7764,,,,,,,,,,,,
7791,,,,,,,,,,,,
7798,,,,,,,,,,,,
7812,,,,,,,,,,,,
7848,,,,,,,,,,,,
7855,,,,,,,,,,,,
7935,,,,,,,,,,,,
8085,,,,,,,,,,,,
8102,,,,,,,,,,,,
8103,,,,,,,,,,,,
8172,,,,,,,,,,,,
8301,,,,,,,,,,,,
8332,,,,,,,,,,,,
8355,,,,,,,,,,,,
8396,,,,,,,,,,,,
8432,,,,,,,,,,,,
8453,,,,,,,,,,,,
8488,,,,,,,,,,,,
8556,,,,,,,,,,,,
8701,,,,,,,,,,,,
8918,,,,,,,,,,,,
9071,,,,,,,,,,,,
9177,,,,,,,,,,,,
9202,,,,,,,,,,,,
9286,,,,,,,,,,,,
9289,,,,,,,,,,,,
9301,,,,,,,,,,,,
9422,,,,,,,,,,,,
9441,,,,,,,,,,,,
9467,,,,,,,,,,,,
9475,,,,,,,,,,,,
9521,,,,,,,,,,,,
9658,,,,,,,,,,,,
9665,,,,,,,,,,,,
9675,,,,,,,,,,,,
9723,,,,,,,,,,,,
9745,,,,,,,,,,,,
9967,,,,,,,,,,,,
9978,,,,,,,,,,,,
3292,,,,,,,,,,,,
3402,35.1713,35.95226,36.52817,33.10443,29.87004,28.32433,27.76666,29.07265,30.6985,32.11172,33.5288,34.72666
3421,,,,,,,,,,,,
3451,41.07053,42.305,42.87484,40.14413,36.54153,34.62297,33.77105,34.38719,36.36517,38.43018,40.46894,41.15052
3515,49.99786,51.68221,52.43798,49.3128,44.9698,42.62788,41.49057,42.0857,44.88287,47.81099,50.59406,51.51532
3582,50.25445,51.92224,52.70769,49.41692,45.02871,42.68801,41.56178,42.26373,45.11696,48.05359,50.83516,51.87517
3648,,,,,,,,,,,,
3711,,,,,,,,,,,,
3743,,,,,,,,,,,,
3791,,,,,,,,,,,,
3812,,,,,,,,,,,,
3813,,,,,,,,,,,,
3831,,,,,,,,,,,,
3843,,,,,,,,,,,,
3847,,,,,,,,,,,,
3961,,,,,,,,,,,,
3962,,,,,,,,,,,,
4002,,,,,,,,,,,,
4157,,,,,,,,,,,,
4203,,,,,,,,,,,,
4284,,,,,,,,,,,,
4351,,,,,,,,,,,,
4453,,,,,,,,,,,,
4484,,,,,,,,,,,,
4525,,,,,,,,,,,,
4528,,,,,,,,,,,,
4531,,,,,,,,,,,,
4575,,,,,,,,,,,,
4576,,,,,,,,,,,,
4589,,,,,,,,,,,,
4859,,,,,,,,,,,,
4876,,,,,,,,,,,,
5176,,,,,,,,,,,,
5216,,,,,,,,,,,,
5306,,,,,,,,,,,,
5314,,,,,,,,,,,,
5335,,,,,,,,,,,,
5401,,,,,,,,,,,,
5513,,,,,,,,,,,,
5614,,,,,,,,,,,,
5616,,,,,,,,,,,,
5629,,,,,,,,,,,,
5652,,,,,,,,,,,,
5721,,,,,,,,,,,,
5737,,,,,,,,,,,,
5941,,,,,,,,,,,,
6075,,,,,,,,,,,,
6132,,,,,,,,,,,,
6225,,,,,,,,,,,,
6267,,,,,,,,,,,,
6268,,,,,,,,,,,,
6416,,,,,,,,,,,,
6419,,,,,,,,,,,,
6436,,,,,,,,,,,,
6443,,,,,,,,,,,,
6462,,,,,,,,,,,,
6468,,,,,,,,,,,,
6564,,,,,,,,,,,,
6576,,,,,,,,,,,,
6577,,,,,,,,,,,,
6591,,,,,,,,,,,,
6605,,,,,,,,,,,,
6617,,,,,,,,,,,,
6657,,,,,,,,,,,,
6831,,,,,,,,,,,,
6957,,,,,,,,,,,,
6988,,,,,,,,,,,,
6997,,,,,,,,,,,,
7008,,,,,,,,,,,,
7011,,,,,,,,,,,,
7078,,,,,,,,,,,,
7122,,,,,,,,,,,,
7203,,,,,,,,,,,,
7218,,,,,,,,,,,,
7232,,,,,,,,,,,,
7245,,,,,,,,,,,,
7417,,,,,,,,,,,,
7428,,,,,,,,,,,,
7522,,,,,,,,,,,,
7562,,,,,,,,,,,,
7587,,,,,,,,,,,,
7627,,,,,,,,,,,,
7678,,,,,,,,,,,,
7681,,,,,,,,,,,,
7694,,,,,,,,,,,,
7785,,,,,,,,,,,,
7895,,,,,,,,,,,,
7901,,,,,,,,,,,,
7903,,,,,,,,,,,,
7908,,,,,,,,,,,,
7948,,,,,,,,,,,,
8052,,,,,,,,,,,,
8107,,,,,,,,,,,,
8471,,,,,,,,,,,,
8503,,,,,,,,,,,,
8743,,,,,,,,,,,,
8752,,,,,,,,,,,,
8927,,,,,,,,,,,,
9062,,,,,,,,,,,,
9082,,,,,,,,,,,,
9091,,,,,,,,,,,,
9245,,,,,,,,,,,,
9283,,,,,,,,,,,,
9288,,,,,,,,,,,,
9292,,,,,,,,,,,,
9414,,,,,,,,,,,,
9417,,,,,,,,,,,,
9439,,,,,,,,,,,,
9442,,,,,,,,,,,,
9545,,,,,,,,,,,,
9628,,,,,,,,,,,,
9794,,,,,,,,,,,,
9796,,,,,,,,,,,,
9918,,,,,,,,,,,,
2591,,,,,,,,,,,,
3563,47.32909,48.8679,49.57721,46.51054,42.37998,40.1699,39.12517,39.76809,42.33275,44.9968,47.54868,48.44118
7483,,,,,,,,,,,,
1071,,,,,,,,,,,,
1326,,,,,,,,,,,,
1332,,,,,,,,,,,,
1423,,,,,,,,,,,,
1431,,,,,,,,,,,,
1536,,,,,,,,,,,,
1551,,,,,,,,,,,,
1562,,,,,,,,,,,,
1654,,,,,,,,,,,,
1711,,,,,,,,,,,,
1716,,,,,,,,,,,,
1771,,,,,,,,,,,,
1797,,,,,,,,,,,,
1814,,,,,,,,,,,,
1865,,,,,,,,,,,,
2061,,,,,,,,,,,,
2132,,,,,,,,,,,,
2266,,,,,,,,,,,,
2497,,,,,,,,,,,,
2511,,,,,,,,,,,,
2526,,,,,,,,,,,,
2562,,,,,,,,,,,,
2571,,,,,,,,,,,,
2627,,,,,,,,,,,,
2632,,,,,,,,,,,,
2905,,,,,,,,,,,,
2967,,,,,,,,,,,,
2991,,,,,,,,,,,,
3044,,,,,,,,,,,,
3138,,,,,,,,,,,,
3144,,,,,,,,,,,,
3162,,,,,,,,,,,,
3172,,,,,,,,,,,,
3212,,,,,,,,,,,,
1011,,,,,,,,,,,,
1013,,,,,,,,,,,,
1019,,,,,,,,,,,,
1086,,,,,,,,,,,,
1328,,,,,,,,,,,,
1383,,,,,,,,,,,,
1456,,,,,,,,,,,,
1489,,,,,,,,,,,,
1567,,,,,,,,,,,,
1756,,,,,,,,,,,,
1777,,,,,,,,,,,,
1779,,,,,,,,,,,,
1827,,,,,,,,,,,,
1843,,,,,,,,,,,,
1906,,,,,,,,,,,,
1921,,,,,,,,,,,,
2021,,,,,,,,,,,,
2042,,,,,,,,,,,,
2222,,,,,,,,,,,,
2273,,,,,,,,,,,,
2362,,,,,,,,,,,,
2394,,,,,,,,,,,,
2516,,,,,,,,,,,,
2626,,,,,,,,,,,,
2629,,,,,,,,,,,,
2652,,,,,,,,,,,,
2693,,,,,,,,,,,,
2724,,,,,,,,,,,,
2743,,,,,,,,,,,,
2751,,,,,,,,,,,,
2841,,,,,,,,,,,,
2909,,,,,,,,,,,,
2913,,,,,,,,,,,,
2986,,,,,,,,,,,,
3026,,,,,,,,,,,,
3035,,,,,,,,,,,,
3047,,,,,,,,,,,,
3083,,,,,,,,,,,,
3115,,,,,,,,,,,,
3119,,,,,,,,,,,,
3181,,,,,,,,,,,,
3194,,,,,,,,,,,,
3237,,,,,,,,,,,,
3244,,,,,,,,,,,,
3354,,,,,,,,,,,,
3425,,,,,,,,,,,,
3465,,,,,,,,,,,,
3734,,,,,,,,,,,,
3772,,,,,,,,,,,,
3864,,,,,,,,,,,,
3892,,,,,,,,,,,,
3922,,,,,,,,,,,,
3999,,,,,,,,,,,,
4004,,,,,,,,,,,,
4116,,,,,,,,,,,,
4411,,,,,,,,,,,,
4443,,,,,,,,,,,,
4444,,,,,,,,,,,,
4494,,,,,,,,,,,,
4583,,,,,,,,,,,,
4641,,,,,,,,,,,,
4704,,,,,,,,,,,,
4709,,,,,,,,,,,,
4721,,,,,,,,,,,,
4822,,,,,,,,,,,,
4871,,,,,,,,,,,,
4908,,,,,,,,,,,,
5015,,,,,,,,,,,,
5043,,,,,,,,,,,,
5045,,,,,,,,,,,,
5107,,,,,,,,,,,,
5342,,,,,,,,,,,,
5408,,,,,,,,,,,,
5482,,,,,,,,,,,,
5673,,,,,,,,,,,,
5684,,,,,,,,,,,,
5691,,,,,,,,,,,,
5764,,,,,,,,,,,,
5804,,,,,,,,,,,,
5863,,,,,,,,,,,,
5916,,,,,,,,,,,,
5921,,,,,,,,,,,,
5966,,,,,,,,,,,,
6089,,,,,,,,,,,,
6091,,,,,,,,,,,,
6109,,,,,,,,,,,,
6181,,,,,,,,,,,,
6199,,,,,,,,,,,,
6211,,,,,,,,,,,,
6312,,,,,,,,,,,,
6342,,,,,,,,,,,,
6441,,,,,,,,,,,,
6678,,,,,,,,,,,,
6815,,,,,,,,,,,,
6861,,,,,,,,,,,,
6862,,,,,,,,,,,,
6865,,,,,,,,,,,,
6964,,,,,,,,,,,,
7055,,,,,,,,,,,,
7083,,,,,,,,,,,,
7327,,,,,,,,,,,,
7346,,,,,,,,,,,,
7411,,,,,,,,,,,,
7416,,,,,,,,,,,,
7424,,,,,,,,,,,,
7534,,,,,,,,,,,,
7557,,,,,,,,,,,,
7573,,,,,,,,,,,,
7637,,,,,,,,,,,,
7665,,,,,,,,,,,,
7676,,,,,,,,,,,,
7688,,,,,,,,,,,,
7795,,,,,,,,,,,,
7826,,,,,,,,,,,,
7842,,,,,,,,,,,,
7854,,,,,,,,,,,,
7929,,,,,,,,,,,,
8022,,,,,,,,,,,,
8041,,,,,,,,,,,,
8051,,,,,,,,,,,,
8131,,,,,,,,,,,,
8181,,,,,,,,,,,,
8226,,,,,,,,,,,,
8335,,,,,,,,,,,,
8338,,,,,,,,,,,,
8434,,,,,,,,,,,,
8564,,,,,,,,,,,,
8821,,,,,,,,,,,,
8937,,,,,,,,,,,,
9043,,,,,,,,,,,,
9047,,,,,,,,,,,,
9101,,,,,,,,,,,,
9135,,,,,,,,,,,,
9137,,,,,,,,,,,,
9145,,,,,,,,,,,,
9162,,,,,,,,,,,,
9207,,,,,,,,,,,,
9409,,,,,,,,,,,,
9456,,,,,,,,,,,,
9605,,,,,,,,,,,,
9615,,,,,,,,,,,,
9651,,,,,,,,,,,,
9765,,,,,,,,,,,,
9922,,,,,,,,,,,,
1068,,,,,,,,,,,,
1082,,,,,,,,,,,,
1083,,,,,,,,,,,,
1095,,,,,,,,,,,,
1183,,,,,,,,,,,,
1211,,,,,,,,,,,,
1357,,,,,,,,,,,,
1454,,,,,,,,,,,,
1481,,,,,,,,,,,,
1521,,,,,,,,,,,,
1655,,,,,,,,,,,,
1688,,,,,,,,,,,,
1696,,,,,,,,,,,,
1697,,,,,,,,,,,,
1719,,,,,,,,,,,,
1754,,,,,,,,,,,,
1795,,,,,,,,,,,,
1812,,,,,,,,,,,,
1824,,,,,,,,,,,,
1825,,,,,,,,,,,,
1948,,,,,,,,,,,,
1962,,,,,,,,,,,,
2142,,,,,,,,,,,,
2211,,,,,,,,,,,,
2288,,,,,,,,,,,,
2317,,,,,,,,,,,,
2374,,,,,,,,,,,,
2377,,,,,,,,,,,,
2409,,,,,,,,,,,,
2532,,,,,,,,,,,,
2586,,,,,,,,,,,,
2614,,,,,,,,,,,,
2825,,,,,,,,,,,,
2906,,,,,,,,,,,,
2965,,,,,,,,,,,,
2971,,,,,,,,,,,,
2977,,,,,,,,,,,,
3015,,,,,,,,,,,,
3023,,,,,,,,,,,,
3051,,,,,,,,,,,,
3116,,,,,,,,,,,,
3165,,,,,,,,,,,,
3196,,,,,,,,,,,,
3257,,,,,,,,,,,,
3265,,,,,,,,,,,,
3274,,,,,,,,,,,,
3281,,,,,,,,,,,,
3401,,,,,,,,,,,,
3437,47.02,48.50969,49.24025,45.99458,41.86315,39.68574,38.67327,39.45258,42.028,44.64423,47.14323,48.165
3449,,,,,,,,,,,,
3583,47.32579,48.77209,49.55755,45.98677,41.78244,39.61788,38.63417,39.6301,42.29893,44.91236,47.39096,48.6464
3608,47.31078,50.60017,52.4569,51.13018,47.93623,45.53452,43.70689,43.89004,45.58539,48.01874,51.09578,52.72258
3712,,,,,,,,,,,,
3769,,,,,,,,,,,,
4151,,,,,,,,,,,,
4204,,,,,,,,,,,,
4261,,,,,,,,,,,,
4325,,,,,,,,,,,,
4327,,,,,,,,,,,,
4472,,,,,,,,,,,,
4671,,,,,,,,,,,,
4694,,,,,,,,,,,,
4695,,,,,,,,,,,,
4751,,,,,,,,,,,,
4762,,,,,,,,,,,,
5014,,,,,,,,,,,,
5022,,,,,,,,,,,,
5036,,,,,,,,,,,,
5042,,,,,,,,,,,,
5053,,,,,,,,,,,,
5059,,,,,,,,,,,,
5243,,,,,,,,,,,,
5252,,,,,,,,,,,,
5262,,,,,,,,,,,,
5317,,,,,,,,,,,,
5428,,,,,,,,,,,,
5471,,,,,,,,,,,,
5534,,,,,,,,,,,,
5591,,,,,,,,,,,,
5632,,,,,,,,,,,,
5701,,,,,,,,,,,,
5702,,,,,,,,,,,,
5707,,,,,,,,,,,,
5731,,,,,,,,,,,,
5844,,,,,,,,,,,,
5962,,,,,,,,,,,,
6043,,,,,,,,,,,,
6167,,,,,,,,,,,,
6223,,,,,,,,,,,,
6353,,,,,,,,,,,,
6415,,,,,,,,,,,,
6546,,,,,,,,,,,,
6741,,,,,,,,,,,,
6821,,,,,,,,,,,,
6823,,,,,,,,,,,,
6852,,,,,,,,,,,,
6984,,,,,,,,,,,,
6986,,,,,,,,,,,,
7001,,,,,,,,,,,,
7077,,,,,,,,,,,,
7397,,,,,,,,,,,,
7426,,,,,,,,,,,,
7442,,,,,,,,,,,,
7471,,,,,,,,,,,,
7491,,,,,,,,,,,,
7604,,,,,,,,,,,,
7636,,,,,,,,,,,,
7672,,,,,,,,,,,,
7679,,,,,,,,,,,,
7742,,,,,,,,,,,,
7765,,,,,,,,,,,,
7778,,,,,,,,,,,,
7784,,,,,,,,,,,,
7793,,,,,,,,,,,,
7833,,,,,,,,,,,,
7856,,,,,,,,,,,,
7889,,,,,,,,,,,,
7904,,,,,,,,,,,,
7932,,,,,,,,,,,,
7954,,,,,,,,,,,,
7973,,,,,,,,,,,,
8011,,,,,,,,,,,,
8023,,,,,,,,,,,,
8111,,,,,,,,,,,,
8254,,,,,,,,,,,,
8472,,,,,,,,,,,,
8474,,,,,,,,,,,,
8478,,,,,,,,,,,,
8508,,,,,,,,,,,,
8561,,,,,,,,,,,,
8583,,,,,,,,,,,,
8734,,,,,,,,,,,,
8757,,,,,,,,,,,,
8811,,,,,,,,,,,,
8812,,,,,,,,,,,,
8852,,,,,,,,,,,,
8854,,,,,,,,,,,,
8883,,,,,,,,,,,,
8896,,,,,,,,,,,,
9026,,,,,,,,,,,,
9085,,,,,,,,,,,,
9086,,,,,,,,,,,,
9133,,,,,,,,,,,,
9214,,,,,,,,,,,,
9247,,,,,,,,,,,,
9257,,,,,,,,,,,,
9335,,,,,,,,,,,,
9362,,,,,,,,,,,,
9367,,,,,,,,,,,,
9423,,,,,,,,,,,,
9454,,,,,,,,,,,,
9481,,,,,,,,,,,,
9482,,,,,,,,,,,,
9616,,,,,,,,,,,,
9619,,,,,,,,,,,,
9698,,,,,,,,,,,,
9711,,,,,,,,,,,,
9715,,,,,,,,,,,,
9842,,,,,,,,,,,,
9862,,,,,,,,,,,,
9904,,,,,,,,,,,,
9924,,,,,,,,,,,,
9949,,,,,,,,,,,,
9966,,,,,,,,,,,,
9972,,,,,,,,,,,,
9981,,,,,,,,,,,,
9996,,,,,,,,,,,,
3328,,,,,,,,,,,,
3335,,,,,,,,,,,,
3413,,,,,,,,,,,,
3443,,,,,,,,,,,,
3732,,,,,,,,,,,,
3754,,,,,,,,,,,,
3826,,,,,,,,,,,,
3849,,,,,,,,,,,,
3912,,,,,,,,,,,,
4111,,,,,,,,,,,,
4141,,,,,,,,,,,,
4152,,,,,,,,,,,,
4241,,,,,,,,,,,,
4251,,,,,,,,,,,,
4354,,,,,,,,,,,,
4625,,,,,,,,,,,,
4664,,,,,,,,,,,,
4725,,,,,,,,,,,,
4726,,,,,,,,,,,,
4727,,,,,,,,,,,,
4761,,,,,,,,,,,,
4818,,,,,,,,,,,,
4944,,,,,,,,,,,,
5066,,,,,,,,,,,,
5104,,,,,,,,,,,,
5175,,,,,,,,,,,,
5355,,,,,,,,,,,,
5373,,,,,,,,,,,,
5465,,,,,,,,,,,,
5802,,,,,,,,,,,,
5826,,,,,,,,,,,,
5973,,,,,,,,,,,,
5988,,,,,,,,,,,,
6011,,,,,,,,,,,,
6129,,,,,,,,,,,,
6135,,,,,,,,,,,,
6161,,,,,,,,,,,,
6305,,,,,,,,,,,,
6575,,,,,,,,,,,,
6598,,,,,,,,,,,,
6599,,,,,,,,,,,,
6706,,,,,,,,,,,,
6816,,,,,,,,,,,,
6883,,,,,,,,,,,,
6902,,,,,,,,,,,,
7004,,,,,,,,,,,,
7095,,,,,,,,,,,,
7105,,,,,,,,,,,,
7226,,,,,,,,,,,,
7345,,,,,,,,,,,,
7412,,,,,,,,,,,,
7415,,,,,,,,,,,,
7427,,,,,,,,,,,,
7466,,,,,,,,,,,,
7531,,,,,,,,,,,,
7595,,,,,,,,,,,,
7634,,,,,,,,,,,,
7773,,,,,,,,,,,,
7912,,,,,,,,,,,,
7924,,,,,,,,,,,,
7942,,,,,,,,,,,,
7965,,,,,,,,,,,,
8025,,,,,,,,,,,,
8055,,,,,,,,,,,,
8219,,,,,,,,,,,,
8233,,,,,,,,,,,,
8277,,,,,,,,,,,,
8281,,,,,,,,,,,,
8302,,,,,,,,,,,,
8308,,,,,,,,,,,,
8333,,,,,,,,,,,,
8374,,,,,,,,,,,,
8407,,,,,,,,,,,,
8439,,,,,,,,,,,,
8447,,,,,,,,,,,,
8521,,,,,,,,,,,,
8539,,,,,,,,,,,,
8624,,,,,,,,,,,,
8626,,,,,,,,,,,,
8723,,,,,,,,,,,,
8732,,,,,,,,,,,,
8899,,,,,,,,,,,,
9006,,,,,,,,,,,,
9055,,,,,,,,,,,,
9172,,,,,,,,,,,,
9211,,,,,,,,,,,,
9261,,,,,,,,,,,,
9366,,,,,,,,,,,,
9431,,,,,,,,,,,,
9446,,,,,,,,,,,,
9451,,,,,,,,,,,,
9541,,,,,,,,,,,,
9591,,,,,,,,,,,,
9618,,,,,,,,,,,,
9671,,,,,,,,,,,,
9679,,,,,,,,,,,,
9691,,,,,,,,,,,,
9693,,,,,,,,,,,,
9717,,,,,,,,,,,,
9811,,,,,,,,,,,,
9901,,,,,,,,,,,,
9936,,,,,,,,,,,,
9977,,,,,,,,,,,,
9984,,,,,,,,,,,,
1965,,,,,,,,,,,,
7003,,,,,,,,,,,,
1067,,,,,,,,,,,,
1097,,,,,,,,,,,,
1188,,,,,,,,,,,,
1322,,,,,,,,,,,,
1356,,,,,,,,,,,,
1446,,,,,,,,,,,,
1645,,,,,,,,,,,,
1663,,,,,,,,,,,,
1691,,,,,,,,,,,,
1702,,,,,,,,,,,,
1724,,,,,,,,,,,,
1785,,,,,,,,,,,,
1816,,,,,,,,,,,,
1841,,,,,,,,,,,,
1862,,,,,,,,,,,,
1972,,,,,,,,,,,,
2011,,,,,,,,,,,,
2152,,,,,,,,,,,,
2241,,,,,,,,,,,,
2254,,,,,,,,,,,,
2271,,,,,,,,,,,,
2287,,,,,,,,,,,,
2316,,,,,,,,,,,,
2333,,,,,,,,,,,,
2382,,,,,,,,,,,,
2552,,,,,,,,,,,,
2563,,,,,,,,,,,,
2573,,,,,,,,,,,,
2597,,,,,,,,,,,,
2684,,,,,,,,,,,,
2903,,,,,,,,,,,,
2969,,,,,,,,,,,,
2973,,,,,,,,,,,,
2987,,,,,,,,,,,,
3028,,,,,,,,,,,,
3145,,,,,,,,,,,,
3238,,,,,,,,,,,,
3255,,,,,,,,,,,,
3312,,,,,,,,,,,,
3317,,,,,,,,,,,,
3453,40.72051,42.01034,42.51263,40.19066,36.67583,34.73889,33.85013,34.19225,36.05619,38.12731,40.19426,40.58269
3511,52.15927,53.92894,54.7492,51.3646,46.8249,44.39775,43.20784,43.91553,46.94206,50.06758,53.00998,54.10312
3573,43.85121,45.08202,45.82846,42.18747,38.23906,36.25963,35.41372,36.57471,38.9708,41.22641,43.3832,44.70604
3741,,,,,,,,,,,,
3764,,,,,,,,,,,,
3785,,,,,,,,,,,,
3792,,,,,,,,,,,,
3815,,,,,,,,,,,,
3825,,,,,,,,,,,,
3863,,,,,,,,,,,,
3997,,,,,,,,,,,,
4005,,,,,,,,,,,,
4143,,,,,,,,,,,,
4212,,,,,,,,,,,,
4231,,,,,,,,,,,,
4267,,,,,,,,,,,,
4268,,,,,,,,,,,,
4326,,,,,,,,,,,,
4424,,,,,,,,,,,,
4441,,,,,,,,,,,,
4513,,,,,,,,,,,,
4537,,,,,,,,,,,,
4645,,,,,,,,,,,,
4706,,,,,,,,,,,,
4797,,,,,,,,,,,,
4835,,,,,,,,,,,,
4838,,,,,,,,,,,,
4872,,,,,,,,,,,,
4874,,,,,,,,,,,,
5246,,,,,,,,,,,,
5308,,,,,,,,,,,,
5328,,,,,,,,,,,,
5353,,,,,,,,,,,,
5358,,,,,,,,,,,,
5431,,,,,,,,,,,,
5434,,,,,,,,,,,,
5461,,,,,,,,,,,,
5663,,,,,,,,,,,,
5674,,,,,,,,,,,,
5681,,,,,,,,,,,,
5935,,,,,,,,,,,,
6004,,,,,,,,,,,,
6005,,,,,,,,,,,,
6034,,,,,,,,,,,,
6074,,,,,,,,,,,,
6114,,,,,,,,,,,,
6226,,,,,,,,,,,,
6231,,,,,,,,,,,,
6247,,,,,,,,,,,,
6265,,,,,,,,,,,,
6336,,,,,,,,,,,,
6363,,,,,,,,,,,,
6523,,,,,,,,,,,,
6537,,,,,,,,,,,,
6627,,,,,,,,,,,,
6716,,,,,,,,,,,,
6721,,,,,,,,,,,,
6814,,,,,,,,,,,,
6844,,,,,,,,,,,,
6877,,,,,,,,,,,,
6942,,,,,,,,,,,,
6955,,,,,,,,,,,,
6961,,,,,,,,,,,,
6994,,,,,,,,,,,,
7005,,,,,,,,,,,,
7091,,,,,,,,,,,,
7215,,,,,,,,,,,,
7234,,,,,,,,,,,,
7361,,,,,,,,,,,,
7382,,,,,,,,,,,,
7524,,,,,,,,,,,,
7532,,,,,,,,,,,,
7596,,,,,,,,,,,,
7666,,,,,,,,,,,,
7668,,,,,,,,,,,,
7732,,,,,,,,,,,,
7887,,,,,,,,,,,,
7981,,,,,,,,,,,,
8042,,,,,,,,,,,,
8101,,,,,,,,,,,,
8242,,,,,,,,,,,,
8261,,,,,,,,,,,,
8319,,,,,,,,,,,,
8389,,,,,,,,,,,,
8427,,,,,,,,,,,,
8448,,,,,,,,,,,,
8451,,,,,,,,,,,,
8484,,,,,,,,,,,,
8486,,,,,,,,,,,,
8491,,,,,,,,,,,,
8516,,,,,,,,,,,,
8524,,,,,,,,,,,,
8531,,,,,,,,,,,,
8552,,,,,,,,,,,,
8572,,,,,,,,,,,,
8573,,,,,,,,,,,,
8584,,,,,,,,,,,,
8605,,,,,,,,,,,,
8771,,,,,,,,,,,,
8807,,,,,,,,,,,,
8884,,,,,,,,,,,,
9004,,,,,,,,,,,,
9032,,,,,,,,,,,,
9073,,,,,,,,,,,,
9131,,,,,,,,,,,,
9134,,,,,,,,,,,,
9142,,,,,,,,,,,,
9176,,,,,,,,,,,,
9243,,,,,,,,,,,,
9448,,,,,,,,,,,,
9461,,,,,,,,,,,,
9487,,,,,,,,,,,,
9535,,,,,,,,,,,,
9571,,,,,,,,,,,,
9608,,,,,,,,,,,,
9646,,,,,,,,,,,,
9648,,,,,,,,,,,,
9907,,,,,,,,,,,,
9943,,,,,,,,,,,,
9954,,,,,,,,,,,,
2275,,,,,,,,,,,,
1035,,,,,,,,,,,,
1043,,,,,,,,,,,,
1053,,,,,,,,,,,,
1103,,,,,,,,,,,,
1117,,,,,,,,,,,,
1244,,,,,,,,,,,,
1251,,,,,,,,,,,,
1321,,,,,,,,,,,,
1333,,,,,,,,,,,,
1352,,,,,,,,,,,,
1382,,,,,,,,,,,,
1503,,,,,,,,,,,,
1643,,,,,,,,,,,,
1722,,,,,,,,,,,,
1766,,,,,,,,,,,,
2157,,,,,,,,,,,,
2311,,,,,,,,,,,,
2343,,,,,,,,,,,,
2351,,,,,,,,,,,,
2353,,,,,,,,,,,,
2548,,,,,,,,,,,,
2555,,,,,,,,,,,,
2628,,,,,,,,,,,,
2631,,,,,,,,,,,,
2643,,,,,,,,,,,,
2723,,,,,,,,,,,,
2735,,,,,,,,,,,,
3072,,,,,,,,,,,,
3084,,,,,,,,,,,,
3193,,,,,,,,,,,,
3205,,,,,,,,,,,,
3417,,,,,,,,,,,,
3543,45.27822,46.66635,47.37201,44.1251,40.12719,38.03963,37.09201,37.93042,40.36197,42.80241,45.1451,46.17607
3731,41.4681,42.58187,43.27615,39.72695,35.9799,34.1169,33.34594,34.52451,36.70219,38.73017,40.68878,41.95378
3751,,,,,,,,,,,,
3862,,,,,,,,,,,,
3893,,,,,,,,,,,,
3925,,,,,,,,,,,,
4001,,,,,,,,,,,,
4023,,,,,,,,,,,,
4064,,,,,,,,,,,,
4124,,,,,,,,,,,,
4206,,,,,,,,,,,,
4235,,,,,,,,,,,,
4305,,,,,,,,,,,,
4311,,,,,,,,,,,,
4334,,,,,,,,,,,,
4353,,,,,,,,,,,,
4401,,,,,,,,,,,,
4421,,,,,,,,,,,,
4616,,,,,,,,,,,,
4623,,,,,,,,,,,,
4697,,,,,,,,,,,,
4772,,,,,,,,,,,,
4827,,,,,,,,,,,,
4905,,,,,,,,,,,,
4926,,,,,,,,,,,,
5275,,,,,,,,,,,,
5349,,,,,,,,,,,,
5352,,,,,,,,,,,,
5509,,,,,,,,,,,,
5531,,,,,,,,,,,,
5595,,,,,,,,,,,,
5613,,,,,,,,,,,,
5671,,,,,,,,,,,,
5711,,,,,,,,,,,,
5738,,,,,,,,,,,,
5846,,,,,,,,,,,,
5914,,,,,,,,,,,,
6141,,,,,,,,,,,,
6237,,,,,,,,,,,,
6274,,,,,,,,,,,,
6276,,,,,,,,,,,,
6433,,,,,,,,,,,,
6469,,,,,,,,,,,,
6584,,,,,,,,,,,,
6624,,,,,,,,,,,,
6732,,,,,,,,,,,,
6913,,,,,,,,,,,,
6931,,,,,,,,,,,,
7002,,,,,,,,,,,,
7047,,,,,,,,,,,,
7152,,,,,,,,,,,,
7202,,,,,,,,,,,,
7204,,,,,,,,,,,,
7261,,,,,,,,,,,,
7322,,,,,,,,,,,,
7384,,,,,,,,,,,,
7396,,,,,,,,,,,,
7423,,,,,,,,,,,,
7429,,,,,,,,,,,,
7431,,,,,,,,,,,,
7542,,,,,,,,,,,,
7556,,,,,,,,,,,,
7701,,,,,,,,,,,,
7707,,,,,,,,,,,,
7736,,,,,,,,,,,,
7754,,,,,,,,,,,,
7779,,,,,,,,,,,,
7918,,,,,,,,,,,,
8014,,,,,,,,,,,,
8084,,,,,,,,,,,,
8094,,,,,,,,,,,,
8124,,,,,,,,,,,,
8141,,,,,,,,,,,,
8151,,,,,,,,,,,,
8162,,,,,,,,,,,,
8196,,,,,,,,,,,,
8231,,,,,,,,,,,,
8244,,,,,,,,,,,,
8294,,,,,,,,,,,,
8383,,,,,,,,,,,,
8405,,,,,,,,,,,,
8426,,,,,,,,,,,,
8461,,,,,,,,,,,,
8476,,,,,,,,,,,,
8745,,,,,,,,,,,,
8753,,,,,,,,,,,,
8862,,,,,,,,,,,,
8925,,,,,,,,,,,,
9012,,,,,,,,,,,,
9014,,,,,,,,,,,,
9074,,,,,,,,,,,,
9081,,,,,,,,,,,,
9104,,,,,,,,,,,,
9113,,,,,,,,,,,,
9175,,,,,,,,,,,,
9265,,,,,,,,,,,,
9293,,,,,,,,,,,,
9343,,,,,,,,,,,,
9411,,,,,,,,,,,,
9486,,,,,,,,,,,,
9564,,,,,,,,,,,,
9661,,,,,,,,,,,,
9677,,,,,,,,,,,,
9774,,,,,,,,,,,,
9793,,,,,,,,,,,,
9913,,,,,,,,,,,,
9917,,,,,,,,,,,,
9921,,,,,,,,,,,,
9965,,,,,,,,,,,,
9997,,,,,,,,,,,,
5151,,,,,,,,,,,,
5709,,,,,,,,,,,,
1023,,,,,,,,,,,,
1046,,,,,,,,,,,,
1111,,,,,,,,,,,,
1314,,,,,,,,,,,,
1501,,,,,,,,,,,,
1631,,,,,,,,,,,,
1646,,,,,,,,,,,,
1652,,,,,,,,,,,,
1657,,,,,,,,,,,,
1681,,,,,,,,,,,,
1685,,,,,,,,,,,,
1742,,,,,,,,,,,,
1823,,,,,,,,,,,,
1981,,,,,,,,,,,,
2071,,,,,,,,,,,,
2106,,,,,,,,,,,,
2154,,,,,,,,,,,,
2159,,,,,,,,,,,,
2252,,,,,,,,,,,,
2272,,,,,,,,,,,,
2289,,,,,,,,,,,,
2322,,,,,,,,,,,,
2401,,,,,,,,,,,,
2515,,,,,,,,,,,,
2522,,,,,,,,,,,,
2622,,,,,,,,,,,,
2624,,,,,,,,,,,,
2805,,,,,,,,,,,,
2871,,,,,,,,,,,,
2931,,,,,,,,,,,,
3012,,,,,,,,,,,,
3029,,,,,,,,,,,,
3363,,,,,,,,,,,,
3526,47.76509,49.18991,50.02052,46.15599,41.88177,39.72367,38.75564,39.94557,42.70853,45.34198,47.82045,49.2809
3554,48.44607,50.02561,50.77101,47.51843,43.28492,41.03788,39.96906,40.70923,43.40037,46.16582,48.79527,49.80995
3752,,,,,,,,,,,,
3852,,,,,,,,,,,,
3882,,,,,,,,,,,,
3894,,,,,,,,,,,,
3951,,,,,,,,,,,,
3985,,,,,,,,,,,,
4041,,,,,,,,,,,,
4125,,,,,,,,,,,,
4153,,,,,,,,,,,,
4269,,,,,,,,,,,,
4302,,,,,,,,,,,,
4336,,,,,,,,,,,,
4352,,,,,,,,,,,,
4417,,,,,,,,,,,,
4435,,,,,,,,,,,,
4437,,,,,,,,,,,,
4504,,,,,,,,,,,,
4554,,,,,,,,,,,,
4622,,,,,,,,,,,,
4624,,,,,,,,,,,,
4791,,,,,,,,,,,,
4811,,,,,,,,,,,,
4817,,,,,,,,,,,,
5028,,,,,,,,,,,,
5035,,,,,,,,,,,,
5049,,,,,,,,,,,,
5152,,,,,,,,,,,,
5282,,,,,,,,,,,,
5398,,,,,,,,,,,,
5655,,,,,,,,,,,,
5685,,,,,,,,,,,,
5761,,,,,,,,,,,,
5811,,,,,,,,,,,,
5814,,,,,,,,,,,,
5971,,,,,,,,,,,,
6039,,,,,,,,,,,,
6092,,,,,,,,,,,,
6153,,,,,,,,,,,,
6273,,,,,,,,,,,,
6511,,,,,,,,,,,,
6579,,,,,,,,,,,,
6604,,,,,,,,,,,,
6704,,,,,,,,,,,,
6707,,,,,,,,,,,,
7039,,,,,,,,,,,,
7084,,,,,,,,,,,,
7103,,,,,,,,,,,,
7467,,,,,,,,,,,,
7536,,,,,,,,,,,,
7541,,,,,,,,,,,,
7547,,,,,,,,,,,,
7597,,,,,,,,,,,,
7661,,,,,,,,,,,,
7777,,,,,,,,,,,,
7844,,,,,,,,,,,,
7858,,,,,,,,,,,,
7881,,,,,,,,,,,,
8148,,,,,,,,,,,,
8194,,,,,,,,,,,,
8316,,,,,,,,,,,,
8378,,,,,,,,,,,,
8381,,,,,,,,,,,,
8412,,,,,,,,,,,,
8422,,,,,,,,,,,,
8481,,,,,,,,,,,,
8487,,,,,,,,,,,,
8542,,,,,,,,,,,,
8762,,,,,,,,,,,,
8912,,,,,,,,,,,,
8916,,,,,,,,,,,,
8924,,,,,,,,,,,,
9022,,,,,,,,,,,,
9033,,,,,,,,,,,,
9034,,,,,,,,,,,,
9053,,,,,,,,,,,,
9103,,,,,,,,,,,,
9111,,,,,,,,,,,,
9174,,,,,,,,,,,,
9178,,,,,,,,,,,,
9218,,,,,,,,,,,,
9219,,,,,,,,,,,,
9248,,,,,,,,,,,,
9355,,,,,,,,,,,,
9401,,,,,,,,,,,,
9421,,,,,,,,,,,,
9484,,,,,,,,,,,,
9493,,,,,,,,,,,,
9515,,,,,,,,,,,,
9611,,,,,,,,,,,,
9663,,,,,,,,,,,,
9712,,,,,,,,,,,,
9724,,,,,,,,,,,,
9738,,,,,,,,,,,,
9785,,,,,,,,,,,,
9795,,,,,,,,,,,,
9798,,,,,,,,,,,,
9831,,,,,,,,,,,,
9832,,,,,,,,,,,,
9852,,,,,,,,,,,,
9892,,,,,,,,,,,,
9906,,,,,,,,,,,,
9908,,,,,,,,,,,,
9914,,,,,,,,,,,,
9925,,,,,,,,,,,,
9944,,,,,,,,,,,,
9976,,,,,,,,,,,,
9995,,,,,,,,,,,,
7256,,,,,,,,,,,,
1031,,,,,,,,,,,,
1032,,,,,,,,,,,,
1076,,,,,,,,,,,,
1092,,,,,,,,,,,,
1096,,,,,,,,,,,,
1131,,,,,,,,,,,,
1362,,,,,,,,,,,,
1437,,,,,,,,,,,,
1443,,,,,,,,,,,,
1452,,,,,,,,,,,,
1561,,,,,,,,,,,,
1658,,,,,,,,,,,,
1678,,,,,,,,,,,,
1749,,,,,,,,,,,,
1755,,,,,,,,,,,,
1794,,,,,,,,,,,,
1861,,,,,,,,,,,,
1901,,,,,,,,,,,,
1935,,,,,,,,,,,,
1947,,,,,,,,,,,,
1949,,,,,,,,,,,,
1985,,,,,,,,,,,,
2025,,,,,,,,,,,,
2121,,,,,,,,,,,,
2144,,,,,,,,,,,,
2224,,,,,,,,,,,,
2253,,,,,,,,,,,,
2265,,,,,,,,,,,,
2405,,,,,,,,,,,,
2441,,,,,,,,,,,,
2531,,,,,,,,,,,,
2623,,,,,,,,,,,,
2675,,,,,,,,,,,,
2716,,,,,,,,,,,,
2717,,,,,,,,,,,,
2911,,,,,,,,,,,,
2924,,,,,,,,,,,,
3118,,,,,,,,,,,,
3132,,,,,,,,,,,,
3143,,,,,,,,,,,,
3211,,,,,,,,,,,,
3256,,,,,,,,,,,,
3366,,,,,,,,,,,,
3533,50.41466,51.935,52.85216,48.69439,44.16864,41.89847,40.86999,42.17442,45.21961,48.08741,50.75871,52.42083
3553,48.44196,49.94704,50.75365,47.12439,42.83048,40.61547,39.59502,40.59664,43.36787,46.09143,48.66364,49.95292
3603,,,,,,,,,,,,
3621,,,,,,,,,,,,
3641,,,,,,,,,,,,
3766,,,,,,,,,,,,
3774,,,,,,,,,,,,
3836,,,,,,,,,,,,
3947,,,,,,,,,,,,
4007,,,,,,,,,,,,
4054,,,,,,,,,,,,
4126,,,,,,,,,,,,
4155,,,,,,,,,,,,
4281,,,,,,,,,,,,
4341,,,,,,,,,,,,
4458,,,,,,,,,,,,
4465,,,,,,,,,,,,
4538,,,,,,,,,,,,
4581,,,,,,,,,,,,
4621,,,,,,,,,,,,
4698,,,,,,,,,,,,
4731,,,,,,,,,,,,
4781,,,,,,,,,,,,
4927,,,,,,,,,,,,
5074,,,,,,,,,,,,
5109,,,,,,,,,,,,
5114,,,,,,,,,,,,
5223,,,,,,,,,,,,
5264,,,,,,,,,,,,
5298,,,,,,,,,,,,
5325,,,,,,,,,,,,
5351,,,,,,,,,,,,
5354,,,,,,,,,,,,
5364,,,,,,,,,,,,
5375,,,,,,,,,,,,
5425,,,,,,,,,,,,
5427,,,,,,,,,,,,
5432,,,,,,,,,,,,
5441,,,,,,,,,,,,
5823,,,,,,,,,,,,
5953,,,,,,,,,,,,
6029,,,,,,,,,,,,
6063,,,,,,,,,,,,
6136,,,,,,,,,,,,
6341,,,,,,,,,,,,
6412,,,,,,,,,,,,
6447,,,,,,,,,,,,
6544,,,,,,,,,,,,
6714,,,,,,,,,,,,
7121,,,,,,,,,,,,
7217,,,,,,,,,,,,
7244,,,,,,,,,,,,
7321,,,,,,,,,,,,
7329,,,,,,,,,,,,
7348,,,,,,,,,,,,
7433,,,,,,,,,,,,
7586,,,,,,,,,,,,
7787,,,,,,,,,,,,
7822,,,,,,,,,,,,
7831,,,,,,,,,,,,
7849,,,,,,,,,,,,
7892,,,,,,,,,,,,
7937,,,,,,,,,,,,
7955,,,,,,,,,,,,
8061,,,,,,,,,,,,
8082,,,,,,,,,,,,
8106,,,,,,,,,,,,
8356,,,,,,,,,,,,
8362,,,,,,,,,,,,
8382,,,,,,,,,,,,
8425,,,,,,,,,,,,
8444,,,,,,,,,,,,
8537,,,,,,,,,,,,
8565,,,,,,,,,,,,
8629,,,,,,,,,,,,
8642,,,,,,,,,,,,
8748,,,,,,,,,,,,
8758,,,,,,,,,,,,
8822,,,,,,,,,,,,
9143,,,,,,,,,,,,
9152,,,,,,,,,,,,
9295,,,,,,,,,,,,
9356,,,,,,,,,,,,
9465,,,,,,,,,,,,
9501,,,,,,,,,,,,
9537,,,,,,,,,,,,
9632,,,,,,,,,,,,
9633,,,,,,,,,,,,
9644,,,,,,,,,,,,
9726,,,,,,,,,,,,
9903,,,,,,,,,,,,
9942,,,,,,,,,,,,
9961,,,,,,,,,,,,
9968,,,,,,,,,,,,
9994,,,,,,,,,,,,
2585,,,,,,,,,,,,
7544,,,,,,,,,,,,
1036,,,,,,,,,,,,
1051,,,,,,,,,,,,
1063,,,,,,,,,,,,
1094,,,,,,,,,,,,
1114,,,,,,,,,,,,
1215,,,,,,,,,,,,
1221,,,,,,,,,,,,
1393,,,,,,,,,,,,
1444,,,,,,,,,,,,
1487,,,,,,,,,,,,
1502,,,,,,,,,,,,
1606,,,,,,,,,,,,
1769,,,,,,,,,,,,
1774,,,,,,,,,,,,
1811,,,,,,,,,,,,
1846,,,,,,,,,,,,
1911,,,,,,,,,,,,
1975,,,,,,,,,,,,
2019,,,,,,,,,,,,
2026,,,,,,,,,,,,
2032,,,,,,,,,,,,
2035,,,,,,,,,,,,
2063,,,,,,,,,,,,
2286,,,,,,,,,,,,
2341,,,,,,,,,,,,
2391,,,,,,,,,,,,
2592,,,,,,,,,,,,
2681,,,,,,,,,,,,
2801,,,,,,,,,,,,
2806,,,,,,,,,,,,
2907,,,,,,,,,,,,
2952,,,,,,,,,,,,
2959,,,,,,,,,,,,
2968,,,,,,,,,,,,
3069,,,,,,,,,,,,
3111,,,,,,,,,,,,
3233,,,,,,,,,,,,
3248,,,,,,,,,,,,
3329,,,,,,,,,,,,
3331,,,,,,,,,,,,
3432,,,,,,,,,,,,
3445,,,,,,,,,,,,
3452,42.44656,43.8743,44.3705,42.2612,38.64361,36.59803,35.62022,35.75511,37.71847,39.98382,42.23562,42.46366
3605,42.02395,43.49143,43.92844,42.0562,38.52742,36.49055,35.48898,35.48151,37.35126,39.61318,41.87075,41.9166
3643,,,,,,,,,,,,
3646,,,,,,,,,,,,
3898,,,,,,,,,,,,
3911,,,,,,,,,,,,
4021,,,,,,,,,,,,
4032,,,,,,,,,,,,
4062,,,,,,,,,,,,
4105,,,,,,,,,,,,
4142,,,,,,,,,,,,
4145,,,,,,,,,,,,
4201,,,,,,,,,,,,
4323,,,,,,,,,,,,
4365,,,,,,,,,,,,
4384,,,,,,,,,,,,
4485,,,,,,,,,,,,
4529,,,,,,,,,,,,
4541,,,,,,,,,,,,
4551,,,,,,,,,,,,
4585,,,,,,,,,,,,
4587,,,,,,,,,,,,
4703,,,,,,,,,,,,
4735,,,,,,,,,,,,
4759,,,,,,,,,,,,
4816,,,,,,,,,,,,
4877,,,,,,,,,,,,
4885,,,,,,,,,,,,
4904,,,,,,,,,,,,
4924,,,,,,,,,,,,
5047,,,,,,,,,,,,
5085,,,,,,,,,,,,
5096,,,,,,,,,,,,
5122,,,,,,,,,,,,
5271,,,,,,,,,,,,
5293,,,,,,,,,,,,
5359,,,,,,,,,,,,
5388,,,,,,,,,,,,
5437,,,,,,,,,,,,
5451,,,,,,,,,,,,
5511,,,,,,,,,,,,
5551,,,,,,,,,,,,
5617,,,,,,,,,,,,
5625,,,,,,,,,,,,
5653,,,,,,,,,,,,
5657,,,,,,,,,,,,
5683,,,,,,,,,,,,
5768,,,,,,,,,,,,
5807,,,,,,,,,,,,
5813,,,,,,,,,,,,
5855,,,,,,,,,,,,
5986,,,,,,,,,,,,
5991,,,,,,,,,,,,
6041,,,,,,,,,,,,
6219,,,,,,,,,,,,
6271,,,,,,,,,,,,
6277,,,,,,,,,,,,
6287,,,,,,,,,,,,
6421,,,,,,,,,,,,
6541,,,,,,,,,,,,
6586,,,,,,,,,,,,
6602,,,,,,,,,,,,
6621,,,,,,,,,,,,
6634,,,,,,,,,,,,
6651,,,,,,,,,,,,
6658,,,,,,,,,,,,
6836,,,,,,,,,,,,
6874,,,,,,,,,,,,
6911,,,,,,,,,,,,
6999,,,,,,,,,,,,
7641,,,,,,,,,,,,
7702,,,,,,,,,,,,
7792,,,,,,,,,,,,
7859,,,,,,,,,,,,
7985,,,,,,,,,,,,
8044,,,,,,,,,,,,
8079,,,,,,,,,,,,
8147,,,,,,,,,,,,
8154,,,,,,,,,,,,
8167,,,,,,,,,,,,
8224,,,,,,,,,,,,
8241,,,,,,,,,,,,
8274,,,,,,,,,,,,
8313,,,,,,,,,,,,
8372,,,,,,,,,,,,
8423,,,,,,,,,,,,
8424,,,,,,,,,,,,
8435,,,,,,,,,,,,
8445,,,,,,,,,,,,
8497,,,,,,,,,,,,
8529,,,,,,,,,,,,
8574,,,,,,,,,,,,
8627,,,,,,,,,,,,
8733,,,,,,,,,,,,
8751,,,,,,,,,,,,
8893,,,,,,,,,,,,
8894,,,,,,,,,,,,
9089,,,,,,,,,,,,
9155,,,,,,,,,,,,
9241,,,,,,,,,,,,
9256,,,,,,,,,,,,
9294,,,,,,,,,,,,
9298,,,,,,,,,,,,
9299,,,,,,,,,,,,
9306,,,,,,,,,,,,
9311,,,,,,,,,,,,
9312,,,,,,,,,,,,
9437,,,,,,,,,,,,
9468,,,,,,,,,,,,
9524,,,,,,,,,,,,
9581,,,,,,,,,,,,
9629,,,,,,,,,,,,
9886,,,,,,,,,,,,
9964,,,,,,,,,,,,
1733,,,,,,,,,,,,
1027,,,,,,,,,,,,
1028,,,,,,,,,,,,
1042,,,,,,,,,,,,
1087,,,,,,,,,,,,
1189,,,,,,,,,,,,
1212,,,,,,,,,,,,
1218,,,,,,,,,,,,
1241,,,,,,,,,,,,
1277,,,,,,,,,,,,
1319,,,,,,,,,,,,
1351,,,,,,,,,,,,
1354,,,,,,,,,,,,
1358,,,,,,,,,,,,
1474,,,,,,,,,,,,
1506,,,,,,,,,,,,
1546,,,,,,,,,,,,
1566,,,,,,,,,,,,
1624,,,,,,,,,,,,
1715,,,,,,,,,,,,
1721,,,,,,,,,,,,
1752,,,,,,,,,,,,
1791,,,,,,,,,,,,
1842,,,,,,,,,,,,
2034,,,,,,,,,,,,
2102,,,,,,,,,,,,
2245,,,,,,,,,,,,
2371,,,,,,,,,,,,
2554,,,,,,,,,,,,
2565,,,,,,,,,,,,
2583,,,,,,,,,,,,
2651,,,,,,,,,,,,
2711,,,,,,,,,,,,
2742,,,,,,,,,,,,
2804,,,,,,,,,,,,
2921,,,,,,,,,,,,
2925,,,,,,,,,,,,
2935,,,,,,,,,,,,
3052,,,,,,,,,,,,
3053,,,,,,,,,,,,
3114,,,,,,,,,,,,
3133,,,,,,,,,,,,
3214,,,,,,,,,,,,
3315,,,,,,,,,,,,
1187,,,,,,,,,,,,
1213,,,,,,,,,,,,
1325,,,,,,,,,,,,
1349,,,,,,,,,,,,
1353,,,,,,,,,,,,
1403,,,,,,,,,,,,
1406,,,,,,,,,,,,
1436,,,,,,,,,,,,
1462,,,,,,,,,,,,
1464,,,,,,,,,,,,
1471,,,,,,,,,,,,
1472,,,,,,,,,,,,
1647,,,,,,,,,,,,
1734,,,,,,,,,,,,
1757,,,,,,,,,,,,
1761,,,,,,,,,,,,
1781,,,,,,,,,,,,
1786,,,,,,,,,,,,
1789,,,,,,,,,,,,
1944,,,,,,,,,,,,
1973,,,,,,,,,,,,
2051,,,,,,,,,,,,
2221,,,,,,,,,,,,
2274,,,,,,,,,,,,
2284,,,,,,,,,,,,
2285,,,,,,,,,,,,
2543,,,,,,,,,,,,
2546,,,,,,,,,,,,
2572,,,,,,,,,,,,
2645,,,,,,,,,,,,
2731,,,,,,,,,,,,
2771,,,,,,,,,,,,
2809,,,,,,,,,,,,
2914,,,,,,,,,,,,
2984,,,,,,,,,,,,
2995,,,,,,,,,,,,
3066,,,,,,,,,,,,
3087,,,,,,,,,,,,
3147,,,,,,,,,,,,
3155,,,,,,,,,,,,
3161,,,,,,,,,,,,
3224,,,,,,,,,,,,
3299,,,,,,,,,,,,
3435,,,,,,,,,,,,
3438,46.42937,47.81866,48.59522,44.99749,40.8581,38.74218,37.79499,38.83978,41.43998,43.96037,46.35476,47.63381
3439,41.68681,42.67197,43.48606,39.1795,35.30174,33.49455,32.80833,34.50855,36.86245,38.83497,40.70236,42.51328
3446,,,,,,,,,,,,
3625,,,,,,,,,,,,
3652,,,,,,,,,,,,
3709,,,,,,,,,,,,
3765,,,,,,,,,,,,
3841,,,,,,,,,,,,
3971,,,,,,,,,,,,
4043,,,,,,,,,,,,
4063,,,,,,,,,,,,
4264,,,,,,,,,,,,
4306,,,,,,,,,,,,
4318,,,,,,,,,,,,
4321,,,,,,,,,,,,
4339,,,,,,,,,,,,
4438,,,,,,,,,,,,
4506,,,,,,,,,,,,
4566,,,,,,,,,,,,
4675,,,,,,,,,,,,
4813,,,,,,,,,,,,
4819,,,,,,,,,,,,
4911,,,,,,,,,,,,
5154,,,,,,,,,,,,
5213,,,,,,,,,,,,
5341,,,,,,,,,,,,
5405,,,,,,,,,,,,
5506,,,,,,,,,,,,
5575,,,,,,,,,,,,
5626,,,,,,,,,,,,
5645,,,,,,,,,,,,
5672,,,,,,,,,,,,
5682,,,,,,,,,,,,
5722,,,,,,,,,,,,
5841,,,,,,,,,,,,
5912,,,,,,,,,,,,
5923,,,,,,,,,,,,
6017,,,,,,,,,,,,
6042,,,,,,,,,,,,
6116,,,,,,,,,,,,
6301,,,,,,,,,,,,
6551,,,,,,,,,,,,
6571,,,,,,,,,,,,
6672,,,,,,,,,,,,
6715,,,,,,,,,,,,
7007,,,,,,,,,,,,
7009,,,,,,,,,,,,
7036,,,,,,,,,,,,
7071,,,,,,,,,,,,
7119,,,,,,,,,,,,
7142,,,,,,,,,,,,
7156,,,,,,,,,,,,
7233,,,,,,,,,,,,
7323,,,,,,,,,,,,
7324,,,,,,,,,,,,
7512,,,,,,,,,,,,
7553,,,,,,,,,,,,
7559,,,,,,,,,,,,
7575,,,,,,,,,,,,
7602,,,,,,,,,,,,
7692,,,,,,,,,,,,
7755,,,,,,,,,,,,
7815,,,,,,,,,,,,
7828,,,,,,,,,,,,
7852,,,,,,,,,,,,
7943,,,,,,,,,,,,
7971,,,,,,,,,,,,
7984,,,,,,,,,,,,
8243,,,,,,,,,,,,
8303,,,,,,,,,,,,
8337,,,,,,,,,,,,
8393,,,,,,,,,,,,
8394,,,,,,,,,,,,
8401,,,,,,,,,,,,
8463,,,,,,,,,,,,
8522,,,,,,,,,,,,
8532,,,,,,,,,,,,
8641,,,,,,,,,,,,
8722,,,,,,,,,,,,
8747,,,,,,,,,,,,
8756,,,,,,,,,,,,
8761,,,,,,,,,,,,
8804,,,,,,,,,,,,
8882,,,,,,,,,,,,
8935,,,,,,,,,,,,
9008,,,,,,,,,,,,
9067,,,,,,,,,,,,
9136,,,,,,,,,,,,
9223,,,,,,,,,,,,
9258,,,,,,,,,,,,
9271,,,,,,,,,,,,
9281,,,,,,,,,,,,
9404,,,,,,,,,,,,
9452,,,,,,,,,,,,
9455,,,,,,,,,,,,
9492,,,,,,,,,,,,
9511,,,,,,,,,,,,
9523,,,,,,,,,,,,
9607,,,,,,,,,,,,
9635,,,,,,,,,,,,
9636,,,,,,,,,,,,
9654,,,,,,,,,,,,
9688,,,,,,,,,,,,
9825,,,,,,,,,,,,
9948,,,,,,,,,,,,
9956,,,,,,,,,,,,
9963,,,,,,,,,,,,
3295,,,,,,,,,,,,
3351,,,,,,,,,,,,
3442,,,,,,,,,,,,
3448,,,,,,,,,,,,
3532,50.40731,51.96369,52.85065,48.89798,44.40179,42.11311,41.06069,42.22129,45.22388,48.11058,50.81043,52.32563
3555,44.37982,46.21802,47.52262,44.06695,40.34897,38.3017,37.19949,38.50185,40.71365,42.8636,45.19248,47.1816
3581,48.49411,50.02983,50.81441,47.34837,43.07207,40.8388,39.79786,40.68246,43.42522,46.16863,48.76814,49.94112
3702,,,,,,,,,,,,
3705,,,,,,,,,,,,
3737,35.76626,36.61232,37.17165,34.00521,30.74578,29.13969,28.53744,29.6359,31.26525,32.75178,34.25201,35.27258
3776,,,,,,,,,,,,
3784,,,,,,,,,,,,
4112,,,,,,,,,,,,
4175,,,,,,,,,,,,
4213,,,,,,,,,,,,
4265,,,,,,,,,,,,
4317,,,,,,,,,,,,
4361,,,,,,,,,,,,
4383,,,,,,,,,,,,
4535,,,,,,,,,,,,
4615,,,,,,,,,,,,
4652,,,,,,,,,,,,
4714,,,,,,,,,,,,
4722,,,,,,,,,,,,
4847,,,,,,,,,,,,
4849,,,,,,,,,,,,
5025,,,,,,,,,,,,
5026,,,,,,,,,,,,
5062,,,,,,,,,,,,
5106,,,,,,,,,,,,
5131,,,,,,,,,,,,
5211,,,,,,,,,,,,
5307,,,,,,,,,,,,
5374,,,,,,,,,,,,
5433,,,,,,,,,,,,
5504,,,,,,,,,,,,
5752,,,,,,,,,,,,
5759,,,,,,,,,,,,
5825,,,,,,,,,,,,
5845,,,,,,,,,,,,
5911,,,,,,,,,,,,
5932,,,,,,,,,,,,
5987,,,,,,,,,,,,
6081,,,,,,,,,,,,
6101,,,,,,,,,,,,
6107,,,,,,,,,,,,
6134,,,,,,,,,,,,
6229,,,,,,,,,,,,
6255,,,,,,,,,,,,
6281,,,,,,,,,,,,
6325,,,,,,,,,,,,
6367,,,,,,,,,,,,
6465,,,,,,,,,,,,
6531,,,,,,,,,,,,
6585,,,,,,,,,,,,
6587,,,,,,,,,,,,
6595,,,,,,,,,,,,
6652,,,,,,,,,,,,
6712,,,,,,,,,,,,
6923,,,,,,,,,,,,
6951,,,,,,,,,,,,
6987,,,,,,,,,,,,
7038,,,,,,,,,,,,
7054,,,,,,,,,,,,
7064,,,,,,,,,,,,
7101,,,,,,,,,,,,
7311,,,,,,,,,,,,
7418,,,,,,,,,,,,
7422,,,,,,,,,,,,
7614,,,,,,,,,,,,
7695,,,,,,,,,,,,
7734,,,,,,,,,,,,
7783,,,,,,,,,,,,
7885,,,,,,,,,,,,
7894,,,,,,,,,,,,
8035,,,,,,,,,,,,
8072,,,,,,,,,,,,
8152,,,,,,,,,,,,
8198,,,,,,,,,,,,
8256,,,,,,,,,,,,
8293,,,,,,,,,,,,
8377,,,,,,,,,,,,
8438,,,,,,,,,,,,
8551,,,,,,,,,,,,
8602,,,,,,,,,,,,
8618,,,,,,,,,,,,
8721,,,,,,,,,,,,
8746,,,,,,,,,,,,
8844,,,,,,,,,,,,
8855,,,,,,,,,,,,
9021,,,,,,,,,,,,
9027,,,,,,,,,,,,
9088,,,,,,,,,,,,
9254,,,,,,,,,,,,
9285,,,,,,,,,,,,
9304,,,,,,,,,,,,
9342,,,,,,,,,,,,
9359,,,,,,,,,,,,
9438,,,,,,,,,,,,
9489,,,,,,,,,,,,
9494,,,,,,,,,,,,
9514,,,,,,,,,,,,
9602,,,,,,,,,,,,
9631,,,,,,,,,,,,
9731,,,,,,,,,,,,
9737,,,,,,,,,,,,
9828,,,,,,,,,,,,
9864,,,,,,,,,,,,
9912,,,,,,,,,,,,
4651,,,,,,,,,,,,
1012,,,,,,,,,,,,
1060,,,,,,,,,,,,
1066,,,,,,,,,,,,
1104,,,,,,,,,,,,
1115,,,,,,,,,,,,
1127,,,,,,,,,,,,
1165,,,,,,,,,,,,
1329,,,,,,,,,,,,
1381,,,,,,,,,,,,
1435,,,,,,,,,,,,
1476,,,,,,,,,,,,
1731,,,,,,,,,,,,
1768,,,,,,,,,,,,
1773,,,,,,,,,,,,
1793,,,,,,,,,,,,
1822,,,,,,,,,,,,
1834,,,,,,,,,,,,
1902,,,,,,,,,,,,
2064,,,,,,,,,,,,
2136,,,,,,,,,,,,
2161,,,,,,,,,,,,
2243,,,,,,,,,,,,
2264,,,,,,,,,,,,
2283,,,,,,,,,,,,
2361,,,,,,,,,,,,
2625,,,,,,,,,,,,
2635,,,,,,,,,,,,
2691,,,,,,,,,,,,
2726,,,,,,,,,,,,
3011,,,,,,,,,,,,
3055,,,,,,,,,,,,
3065,,,,,,,,,,,,
3079,,,,,,,,,,,,
3141,,,,,,,,,,,,
3207,,,,,,,,,,,,
3252,,,,,,,,,,,,
3314,,,,,,,,,,,,
3531,50.8549,52.45146,53.33319,49.43085,44.91275,42.59844,41.52077,42.6334,45.66036,48.60088,51.35034,52.82399
3584,43.81873,45.08141,45.79951,42.33458,38.41607,36.42308,35.55633,36.59585,38.95208,41.22311,43.40315,44.59842
3818,,,,,,,,,,,,
3821,,,,,,,,,,,,
3851,,,,,,,,,,,,
3904,,,,,,,,,,,,
3956,,,,,,,,,,,,
3993,40.57459,41.80654,42.3475,39.76078,36.21736,34.31139,33.4605,33.99241,35.89954,37.92886,39.944,40.52431
3994,39.48511,40.75191,41.19609,39.14535,35.76434,33.86631,32.9911,33.18427,34.89017,36.86313,38.85823,39.05783
4012,,,,,,,,,,,,
4053,,,,,,,,,,,,
4194,,,,,,,,,,,,
4288,,,,,,,,,,,,
4316,,,,,,,,,,,,
4373,,,,,,,,,,,,
4542,,,,,,,,,,,,
4553,,,,,,,,,,,,
4569,,,,,,,,,,,,
4631,,,,,,,,,,,,
5057,,,,,,,,,,,,
5095,,,,,,,,,,,,
5165,,,,,,,,,,,,
5254,,,,,,,,,,,,
5257,,,,,,,,,,,,
5333,,,,,,,,,,,,
5443,,,,,,,,,,,,
5571,,,,,,,,,,,,
5615,,,,,,,,,,,,
5665,,,,,,,,,,,,
5692,,,,,,,,,,,,
5704,,,,,,,,,,,,
5705,,,,,,,,,,,,
5801,,,,,,,,,,,,
5812,,,,,,,,,,,,
5928,,,,,,,,,,,,
5995,,,,,,,,,,,,
6013,,,,,,,,,,,,
6125,,,,,,,,,,,,
6127,,,,,,,,,,,,
6218,,,,,,,,,,,,
6291,,,,,,,,,,,,
6463,,,,,,,,,,,,
6522,,,,,,,,,,,,
6581,,,,,,,,,,,,
6974,,,,,,,,,,,,
7006,,,,,,,,,,,,
7126,,,,,,,,,,,,
7207,,,,,,,,,,,,
7335,,,,,,,,,,,,
7511,,,,,,,,,,,,
7686,,,,,,,,,,,,
7696,,,,,,,,,,,,
7737,,,,,,,,,,,,
7873,,,,,,,,,,,,
7891,,,,,,,,,,,,
7916,,,,,,,,,,,,
7949,,,,,,,,,,,,
7974,,,,,,,,,,,,
8019,,,,,,,,,,,,
8064,,,,,,,,,,,,
8091,,,,,,,,,,,,
8166,,,,,,,,,,,,
8225,,,,,,,,,,,,
8255,,,,,,,,,,,,
8263,,,,,,,,,,,,
8276,,,,,,,,,,,,
8317,,,,,,,,,,,,
8345,,,,,,,,,,,,
8384,,,,,,,,,,,,
8454,,,,,,,,,,,,
8465,,,,,,,,,,,,
8468,,,,,,,,,,,,
8479,,,,,,,,,,,,
8494,,,,,,,,,,,,
8735,,,,,,,,,,,,
8801,,,,,,,,,,,,
8841,,,,,,,,,,,,
8892,,,,,,,,,,,,
9003,,,,,,,,,,,,
9009,,,,,,,,,,,,
9025,,,,,,,,,,,,
9031,,,,,,,,,,,,
9077,,,,,,,,,,,,
9108,,,,,,,,,,,,
9114,,,,,,,,,,,,
9153,,,,,,,,,,,,
9204,,,,,,,,,,,,
9217,,,,,,,,,,,,
9222,,,,,,,,,,,,
9291,,,,,,,,,,,,
9402,,,,,,,,,,,,
9418,,,,,,,,,,,,
9566,,,,,,,,,,,,
9609,,,,,,,,,,,,
9613,,,,,,,,,,,,
9678,,,,,,,,,,,,
9697,,,,,,,,,,,,
9727,,,,,,,,,,,,
9746,,,,,,,,,,,,
9749,,,,,,,,,,,,
9755,,,,,,,,,,,,
9882,,,,,,,,,,,,
9909,,,,,,,,,,,,
9923,,,,,,,,,,,,
9947,,,,,,,,,,,,
2719,,,,,,,,,,,,
4812,,,,,,,,,,,,
5347,,,,,,,,,,,,
1014,,,,,,,,,,,,
1101,,,,,,,,,,,,
1132,,,,,,,,,,,,
1153,,,,,,,,,,,,
1182,,,,,,,,,,,,
1313,,,,,,,,,,,,
1341,,,,,,,,,,,,
1399,,,,,,,,,,,,
1662,,,,,,,,,,,,
1738,,,,,,,,,,,,
1934,,,,,,,,,,,,
1967,,,,,,,,,,,,
2103,,,,,,,,,,,,
2151,,,,,,,,,,,,
2225,,,,,,,,,,,,
2451,,,,,,,,,,,,
2518,,,,,,,,,,,,
2525,,,,,,,,,,,,
2594,,,,,,,,,,,,
2595,,,,,,,,,,,,
2865,,,,,,,,,,,,
2951,,,,,,,,,,,,
2983,,,,,,,,,,,,
3075,,,,,,,,,,,,
3112,,,,,,,,,,,,
1701,,,,,,,,,,,,
1079,,,,,,,,,,,,
1252,,,,,,,,,,,,
1315,,,,,,,,,,,,
1718,,,,,,,,,,,,
1732,,,,,,,,,,,,
1831,,,,,,,,,,,,
1853,,,,,,,,,,,,
2041,,,,,,,,,,,,
2172,,,,,,,,,,,,
2291,,,,,,,,,,,,
2318,,,,,,,,,,,,
2465,,,,,,,,,,,,
2584,,,,,,,,,,,,
2676,,,,,,,,,,,,
2725,,,,,,,,,,,,
2811,,,,,,,,,,,,
2851,,,,,,,,,,,,
2926,,,,,,,,,,,,
2994,,,,,,,,,,,,
3013,,,,,,,,,,,,
3089,,,,,,,,,,,,
3218,,,,,,,,,,,,
3234,,,,,,,,,,,,
3343,,,,,,,,,,,,
3404,,,,,,,,,,,,
3523,50.74229,52.41393,53.22665,49.77355,45.32941,42.98023,41.8528,42.65443,45.57929,48.55279,51.35691,52.50809
3551,50.08383,51.70056,52.54297,48.87774,44.4681,42.1748,41.0876,42.07088,44.9765,47.86454,50.58527,51.90655
3585,66.95174,72.04252,72.30521,68.19309,64.6972,62.30524,59.39373,61.34364,64.63373,70.39239,75.53569,76.82136
3612,,,,,,,,,,,,
3615,,,,,,,,,,,,
3633,,,,,,,,,,,,
3707,,,,,,,,,,,,
3822,,,,,,,,,,,,
3828,,,,,,,,,,,,
3907,,,,,,,,,,,,
3989,,,,,,,,,,,,
4102,,,,,,,,,,,,
4121,,,,,,,,,,,,
4209,,,,,,,,,,,,
4271,,,,,,,,,,,,
4322,,,,,,,,,,,,
4331,,,,,,,,,,,,
4415,,,,,,,,,,,,
4434,,,,,,,,,,,,
4455,,,,,,,,,,,,
4532,,,,,,,,,,,,
4635,,,,,,,,,,,,
4815,,,,,,,,,,,,
4839,,,,,,,,,,,,
4856,,,,,,,,,,,,
4879,,,,,,,,,,,,
5056,,,,,,,,,,,,
5094,,,,,,,,,,,,
5212,,,,,,,,,,,,
5224,,,,,,,,,,,,
5438,,,,,,,,,,,,
5512,,,,,,,,,,,,
5612,,,,,,,,,,,,
5754,,,,,,,,,,,,
5808,,,,,,,,,,,,
5836,,,,,,,,,,,,
5943,,,,,,,,,,,,
5961,,,,,,,,,,,,
5985,,,,,,,,,,,,
6027,,,,,,,,,,,,
6067,,,,,,,,,,,,
6099,,,,,,,,,,,,
6112,,,,,,,,,,,,
6123,,,,,,,,,,,,
6133,,,,,,,,,,,,
6212,,,,,,,,,,,,
6224,,,,,,,,,,,,
6295,,,,,,,,,,,,
6343,,,,,,,,,,,,
6451,,,,,,,,,,,,
6578,,,,,,,,,,,,
6673,,,,,,,,,,,,
6677,,,,,,,,,,,,
6708,,,,,,,,,,,,
6711,,,,,,,,,,,,
6813,,,,,,,,,,,,
6826,,,,,,,,,,,,
6842,,,,,,,,,,,,
6851,,,,,,,,,,,,
6916,,,,,,,,,,,,
7135,,,,,,,,,,,,
7206,,,,,,,,,,,,
7275,,,,,,,,,,,,
7419,,,,,,,,,,,,
7513,,,,,,,,,,,,
7615,,,,,,,,,,,,
7705,,,,,,,,,,,,
7722,,,,,,,,,,,,
7909,,,,,,,,,,,,
7925,,,,,,,,,,,,
8021,,,,,,,,,,,,
8077,,,,,,,,,,,,
8212,,,,,,,,,,,,
8265,,,,,,,,,,,,
8266,,,,,,,,,,,,
8278,,,,,,,,,,,,
8307,,,,,,,,,,,,
8464,,,,,,,,,,,,
8482,,,,,,,,,,,,
8483,,,,,,,,,,,,
8495,,,,,,,,,,,,
8512,,,,,,,,,,,,
8536,,,,,,,,,,,,
8567,,,,,,,,,,,,
8773,,,,,,,,,,,,
8843,,,,,,,,,,,,
8919,,,,,,,,,,,,
9063,,,,,,,,,,,,
9109,,,,,,,,,,,,
9262,,,,,,,,,,,,
9287,,,,,,,,,,,,
9305,,,,,,,,,,,,
9407,,,,,,,,,,,,
9415,,,,,,,,,,,,
9695,,,,,,,,,,,,
9696,,,,,,,,,,,,
9736,,,,,,,,,,,,
9742,,,,,,,,,,,,
9751,,,,,,,,,,,,
9853,,,,,,,,,,,,
9951,,,,,,,,,,,,
9986,,,,,,,,,,,,
3405,,,,,,,,,,,,
3447,,,,,,,,,,,,
3454,42.83752,44.18714,44.77223,42.09408,38.36636,36.35312,35.42779,35.94932,38.06138,40.31188,42.51785,43.15141
3474,,,,,,,,,,,,
3528,47.45427,48.8199,49.67997,45.62614,41.34134,39.21374,38.28346,39.61338,42.39277,44.97121,47.39154,48.99392
3546,36.28118,36.99898,37.69632,33.66035,30.23477,28.68078,28.16393,29.85432,31.70596,33.15845,34.57941,36.22285
3561,47.61462,49.1927,49.88742,46.94509,42.81075,40.57472,39.50443,40.05072,42.61329,45.31846,47.91388,48.71558
3611,38.49612,39.46062,40.0926,36.70287,33.20163,31.47518,30.79824,31.96198,33.86325,35.60323,37.31604,38.48401
3706,,,,,,,,,,,,
3738,,,,,,,,,,,,
3781,,,,,,,,,,,,
3834,,,,,,,,,,,,
4033,,,,,,,,,,,,
4207,,,,,,,,,,,,
4333,,,,,,,,,,,,
4413,,,,,,,,,,,,
4461,,,,,,,,,,,,
4568,,,,,,,,,,,,
4834,,,,,,,,,,,,
4921,,,,,,,,,,,,
4942,,,,,,,,,,,,
5146,,,,,,,,,,,,
5247,,,,,,,,,,,,
5301,,,,,,,,,,,,
5356,,,,,,,,,,,,
5381,,,,,,,,,,,,
5384,,,,,,,,,,,,
5507,,,,,,,,,,,,
5541,,,,,,,,,,,,
5582,,,,,,,,,,,,
5662,,,,,,,,,,,,
5667,,,,,,,,,,,,
5688,,,,,,,,,,,,
5703,,,,,,,,,,,,
5766,,,,,,,,,,,,
5851,,,,,,,,,,,,
5866,,,,,,,,,,,,
5944,,,,,,,,,,,,
6002,,,,,,,,,,,,
6085,,,,,,,,,,,,
6151,,,,,,,,,,,,
6166,,,,,,,,,,,,
6227,,,,,,,,,,,,
6515,,,,,,,,,,,,
6536,,,,,,,,,,,,
6561,,,,,,,,,,,,
6833,,,,,,,,,,,,
6843,,,,,,,,,,,,
6866,,,,,,,,,,,,
7025,,,,,,,,,,,,
7045,,,,,,,,,,,,
7161,,,,,,,,,,,,
7211,,,,,,,,,,,,
7221,,,,,,,,,,,,
7227,,,,,,,,,,,,
7315,,,,,,,,,,,,
7448,,,,,,,,,,,,
7463,,,,,,,,,,,,
7551,,,,,,,,,,,,
7601,,,,,,,,,,,,
7715,,,,,,,,,,,,
7753,,,,,,,,,,,,
7788,,,,,,,,,,,,
7825,,,,,,,,,,,,
8121,,,,,,,,,,,,
8146,,,,,,,,,,,,
8193,,,,,,,,,,,,
8291,,,,,,,,,,,,
8342,,,,,,,,,,,,
8428,,,,,,,,,,,,
8456,,,,,,,,,,,,
8459,,,,,,,,,,,,
8502,,,,,,,,,,,,
8534,,,,,,,,,,,,
8554,,,,,,,,,,,,
8736,,,,,,,,,,,,
8922,,,,,,,,,,,,
9044,,,,,,,,,,,,
9054,,,,,,,,,,,,
9056,,,,,,,,,,,,
9064,,,,,,,,,,,,
9123,,,,,,,,,,,,
9216,,,,,,,,,,,,
9337,,,,,,,,,,,,
9416,,,,,,,,,,,,
9449,,,,,,,,,,,,
9563,,,,,,,,,,,,
9617,,,,,,,,,,,,
9686,,,,,,,,,,,,
9716,,,,,,,,,,,,
9747,,,,,,,,,,,,
9801,,,,,,,,,,,,
9932,,,,,,,,,,,,
2551,,,,,,,,,,,,
5242,,,,,,,,,,,,
1037,,,,,,,,,,,,
1141,,,,,,,,,,,,
1222,,,,,,,,,,,,
1438,,,,,,,,,,,,
1544,,,,,,,,,,,,
1619,,,,,,,,,,,,
1684,,,,,,,,,,,,
1764,,,,,,,,,,,,
1784,,,,,,,,,,,,
1832,,,,,,,,,,,,
1966,,,,,,,,,,,,
1976,,,,,,,,,,,,
2036,,,,,,,,,,,,
2133,,,,,,,,,,,,
2202,,,,,,,,,,,,
2244,,,,,,,,,,,,
2263,,,,,,,,,,,,
2352,,,,,,,,,,,,
2404,,,,,,,,,,,,
2435,,,,,,,,,,,,
2513,,,,,,,,,,,,
2587,,,,,,,,,,,,
2727,,,,,,,,,,,,
2728,,,,,,,,,,,,
2904,,,,,,,,,,,,
2961,,,,,,,,,,,,
3036,,,,,,,,,,,,
3045,,,,,,,,,,,,
3073,,,,,,,,,,,,
3243,,,,,,,,,,,,
1041,,,,,,,,,,,,
1069,,,,,,,,,,,,
1075,,,,,,,,,,,,
1309,,,,,,,,,,,,
1324,,,,,,,,,,,,
1384,,,,,,,,,,,,
1421,,,,,,,,,,,,
1463,,,,,,,,,,,,
1642,,,,,,,,,,,,
1686,,,,,,,,,,,,
1741,,,,,,,,,,,,
1753,,,,,,,,,,,,
1815,,,,,,,,,,,,
1817,,,,,,,,,,,,
2082,,,,,,,,,,,,
2105,,,,,,,,,,,,
2111,,,,,,,,,,,,
2155,,,,,,,,,,,,
2162,,,,,,,,,,,,
2262,,,,,,,,,,,,
2281,,,,,,,,,,,,
2671,,,,,,,,,,,,
2718,,,,,,,,,,,,
2964,,,,,,,,,,,,
2985,,,,,,,,,,,,
3014,,,,,,,,,,,,
3021,,,,,,,,,,,,
3027,,,,,,,,,,,,
3031,,,,,,,,,,,,
3033,,,,,,,,,,,,
3068,,,,,,,,,,,,
3076,,,,,,,,,,,,
3131,,,,,,,,,,,,
3263,,,,,,,,,,,,
3286,,,,,,,,,,,,
3355,,,,,,,,,,,,
3562,47.19979,48.75542,49.44277,46.51013,42.40897,40.19341,39.13739,39.69073,42.21702,44.88125,47.44085,48.23761
3566,40.73811,41.80984,42.49325,38.97494,35.28307,33.45283,32.70796,33.88694,36.0002,37.95374,39.84906,41.09869
3739,,,,,,,,,,,,
3835,,,,,,,,,,,,
4061,,,,,,,,,,,,
4163,,,,,,,,,,,,
4208,,,,,,,,,,,,
4707,,,,,,,,,,,,
4754,,,,,,,,,,,,
4845,,,,,,,,,,,,
4861,,,,,,,,,,,,
4881,,,,,,,,,,,,
4891,,,,,,,,,,,,
4906,,,,,,,,,,,,
4931,,,,,,,,,,,,
5051,,,,,,,,,,,,
5121,,,,,,,,,,,,
5253,,,,,,,,,,,,
5291,,,,,,,,,,,,
5343,,,,,,,,,,,,
5367,,,,,,,,,,,,
5386,,,,,,,,,,,,
5467,,,,,,,,,,,,
5529,,,,,,,,,,,,
5555,,,,,,,,,,,,
5725,,,,,,,,,,,,
5963,,,,,,,,,,,,
6037,,,,,,,,,,,,
6049,,,,,,,,,,,,
6131,,,,,,,,,,,,
6174,,,,,,,,,,,,
6215,,,,,,,,,,,,
6243,,,,,,,,,,,,
6361,,,,,,,,,,,,
6374,,,,,,,,,,,,
6438,,,,,,,,,,,,
6613,,,,,,,,,,,,
6631,,,,,,,,,,,,
6669,,,,,,,,,,,,
6671,,,,,,,,,,,,
6702,,,,,,,,,,,,
6811,,,,,,,,,,,,
6827,,,,,,,,,,,,
6835,,,,,,,,,,,,
6905,,,,,,,,,,,,
6917,,,,,,,,,,,,
6952,,,,,,,,,,,,
6981,,,,,,,,,,,,
7081,,,,,,,,,,,,
7104,,,,,,,,,,,,
7108,,,,,,,,,,,,
7231,,,,,,,,,,,,
7352,,,,,,,,,,,,
7437,,,,,,,,,,,,
7462,,,,,,,,,,,,
7478,,,,,,,,,,,,
7558,,,,,,,,,,,,
7572,,,,,,,,,,,,
7711,,,,,,,,,,,,
7847,,,,,,,,,,,,
7907,,,,,,,,,,,,
7926,,,,,,,,,,,,
7927,,,,,,,,,,,,
7963,,,,,,,,,,,,
8075,,,,,,,,,,,,
8232,,,,,,,,,,,,
8245,,,,,,,,,,,,
8314,,,,,,,,,,,,
8336,,,,,,,,,,,,
8344,,,,,,,,,,,,
8409,,,,,,,,,,,,
8452,,,,,,,,,,,,
8475,,,,,,,,,,,,
8489,,,,,,,,,,,,
8872,,,,,,,,,,,,
8934,,,,,,,,,,,,
9001,,,,,,,,,,,,
9154,,,,,,,,,,,,
9331,,,,,,,,,,,,
9354,,,,,,,,,,,,
9363,,,,,,,,,,,,
9436,,,,,,,,,,,,
9444,,,,,,,,,,,,
9512,,,,,,,,,,,,
9627,,,,,,,,,,,,
9649,,,,,,,,,,,,
9681,,,,,,,,,,,,
9725,,,,,,,,,,,,
9743,,,,,,,,,,,,
9761,,,,,,,,,,,,
9851,,,,,,,,,,,,
9872,,,,,,,,,,,,
9873,,,,,,,,,,,,
9893,,,,,,,,,,,,
9934,,,,,,,,,,,,
